name_1,ra_1,dec_1,GAL_LONG,GAL_LAT,flux,fluxerr,velcenter,velerr_1,w50max,velerr_1a,w20max,velerr_1b,DLG,MHI,a,ra_dec,dec_d,id,id_old,x_geo,y_geo,z_geo,x,y,z,x_min,x_max,y_min,y_max,z_min,z_max,n_pix,n_chan,n_los,rel,bf_a,bf_b1,bf_b2,bf_c,bf_chi2,bf_f_int,bf_f_peak,bf_flag,bf_w,bf_w20,bf_w50,bf_xe,bf_xp,bf_z,ell3s_maj,ell3s_min,ell3s_pa,ell_maj,ell_min,ell_pa,f_int,f_peak,f_wm50,flag,kin_pa,rms,snr_int,w20,w50,wm50,ra_2,dec_2,freq,name_2,Separation,run,cube,kernel,scaleX,scaleY,scaleZ,sf_threshold,rms_mode,flux_range,xradius,xmin,xmax,yradius,ymin,ymax,zradius,zmin,zmax,rel_threshold,elipse,busy_function,bf+e
J1840+2412,18:40:20,24:12:03,53.7,13.1,6.7,1,4011,5,627,10,644,15,56.4,9.7,a,280.083333333333,24.2008333333333,21,284,175.259,283.741,1730.37,175.3,283.775,1730.247,174,176,283,285,1728,1734,27,7,6,0.606163,0.2907684,0.040509,0.03022894,0,1.228058,0.4328097,0.0726921,1,-0.1033473,6,6,863.5203,1727.103,0,1.585254,1.154701,45,1.586931,1.053411,29.9502,0.3600762,0.01988105,0.05658106,0,,0.0064931,10.87566,5.762334,5.405835,5.571817,280.09302,24.226229,1399393020,SoFiA J184022.33+241334.4,96.7947629607853,2,1845+22,Boxcar,3.0,3.0,3.0,6.0,GFNF,All,3,3,-1,3,3,-1,3,3,-1,0.60,2,1,3
J1837+2204,18:37:53,22:04:10,51.4,12.7,0,,4100,,0,,0,,0,0,a,279.470833333333,22.0694444444444,131,1857,210.252,153.538,1776.666,210.627,154.106,1776.192,205,217,148,160,1761,1792,2311,32,119,0.759151,5.36134E-06,0.006428334,0.001074103,0,426.5147,16.90042,0.7240569,4,-0.04349367,33.78591,23.93453,879.0032,1758.043,0,6.038464,4.226928,-85.7127,4.931733,4.571898,65.37469,17.04231,0.0558167,0.7248517,4,203.8175,0.005904,60.04552,28.75268,25.7641,26.24932,279.4761,22.058933,1400313860,SoFiA J183754.26+220332.2,41.7276540678531,12,1845+22,Gaussian,3.0,3.0,3.0,6.0,GFNF,All,3,3,-1,3,3,-1,3,3,-1,0.40,0,1,1
J1848+2309,18:48:33,23:09:35,53.5,10.9,1.2,0.3,4287,3,158,5,166,8,61.3,9,a,282.1375,23.1597222222222,122,1791,63.807,218.614,1729.932,64.003,218.842,1730.023,59,69,214,222,1717,1741,818,25,77,0.573277,0.224274,0.03134246,0.001486229,0,213.7637,3.816141,0.2365261,3,-0.08003062,28,14.73052,857.5157,1715.08,0,4.431529,3.227207,75.19697,4.343268,3.313933,62.12822,3.990358,0.01926626,0.08938486,0,242.3068,0.0047405,29.4311,23.55196,4.597516,24.27071,282.12,23.145193,1399388540,SoFiA J184828.80+230842.7,78.058324564935,12,1845+22,Gaussian,3.0,3.0,3.0,6.0,GFNF,All,3,3,-1,3,3,-1,3,3,-1,0.40,0,1,1
J1849+2314,18:49:55,23:14:53,53.7,10.7,2.3,0.4,4211,5,175,10,198,15,60.5,9.3,a,282.479166666667,23.2480555555556,125,1814,43.939,225.405,1744.977,43.883,225.45,1744.853,39,48,221,230,1731,1772,1294,42,79,0.724583,7.580304E-07,0.001249596,0.001517379,0,553.6297,6.85674,0.3111296,4,-0.05126883,31.62606,21.10357,860.0006,1720.051,0,4.220176,3.471822,38.14084,3.789388,3.181726,26.19881,7.257527,0.02442612,0.1816292,0,192.6737,0.0044601,46.52943,36.86714,36.18738,36.82732,282.48575,23.253057,1399685760,SoFiA J184956.58+231511.0,28.2518189594071,12,1845+22,Gaussian,3.0,3.0,3.0,6.0,GFNF,All,3,3,-1,3,3,-1,3,3,-1,0.40,0,1,1
J1839+2210,18:39:10,22:10:53,51.7,12.5,2.5,0.5,4894,8,184,16,236,24,74.1,9.5,a,279.791666666667,22.1813888888889,103,1629,192.484,160.941,1613.936,192.54,161.078,1613.798,189,196,158,164,1604,1622,455,19,43,0.445764,0.08998478,0.06406296,0.005356743,0,145.5662,2.780662,0.2045479,4,-0.07719399,18.9013,13.99717,801.532,1603.077,0,2.954936,2.75291,36.04004,2.714729,2.609199,67.19263,2.94658,0.02012032,0.3600724,0,296.0999,0.0045355,30.45727,17.06125,14.14288,12.42897,279.80026,22.178299,1397059070,SoFiA J183912.06+221041.9,30.7383846116303,12,1845+22,Gaussian,3.0,3.0,3.0,6.0,GFNF,All,3,3,-1,3,3,-1,3,3,-1,0.40,0,1,1
J1842+2136,18:42:58,21:36:15,51.5,11.4,2.7,0.3,4399,5,225,9,258,14,64.6,9.4,a,280.741666666667,21.6041666666667,109,1724,140.655,126.178,1715.778,140.71,126.296,1715.51,133,147,121,131,1684,1735,1995,52,104,0.782029,0.4241737,0.01628852,0.07088864,0,470.3833,10.83582,0.3490712,6,-0.2070395,54.2815,24.77947,842.5081,1685.049,0,6.491825,3.671187,-71.77197,4.414384,3.509059,-78.93531,11.19792,0.0212913,0.07426493,0,83.07558,0.0047561,52.76544,49.04738,26.20019,49.8971,280.73535,21.60413,1399097600,SoFiA J184256.48+213614.9,21.1376981807599,12,1845+22,Gaussian,3.0,3.0,3.0,6.0,GFNF,All,3,3,-1,3,3,-1,3,3,-1,0.40,0,1,1
J1845+2135,18:45:25,21:35:40,51.7,10.9,2.7,0.4,3325,3,226,6,234,8,47.2,9.2,a,281.354166666667,21.5944444444444,157,2066,106.813,124.447,1925.693,106.801,124.491,1926.169,101,113,119,130,1915,1936,1378,22,121,0.733132,0.1103339,0.04425792,0.003405179,0,48.041,6.065951,0.4713511,4,-0.09042212,18.75048,12.35986,956.5221,1913.09,0,5.876017,4.560058,-57.85967,5.579256,4.776555,-62.44978,5.998354,0.01941667,0.2396627,0,166.2048,0.0045308,35.66428,18.6023,10.98546,18.28271,281.34317,21.574823,1403319550,SoFiA J184522.36+213429.4,79.6523442898957,12,1845+22,Gaussian,3.0,3.0,3.0,6.0,GFNF,All,3,3,-1,3,3,-1,3,3,-1,0.40,0,1,1
J1840+2304,18:40:57,23:04:52,52.7,12.5,2.8,0.4,4110,4,244,9,266,13,61.6,9.4,a,280.2375,23.0811111111111,137,1894,168.055,215.464,1790.211,167.826,215.501,1790.558,164,172,212,219,1782,1799,603,18,58,0.576438,6.787479E-05,0.07585763,0.4589121,0,54.70794,3.562657,0.2827719,6,-0.2344523,17.57965,12.9679,890.0379,1780.082,0,3.234781,2.722225,50.77348,3.191283,2.923346,88.58788,3.486027,0.02214117,0,0,70.71426,0.0044021,32.24837,15.82336,12.13883,0,280.2385,23.088697,1400601730,SoFiA J184057.24+230519.3,27.5087807553679,12,1845+22,Gaussian,3.0,3.0,3.0,6.0,GFNF,All,3,3,-1,3,3,-1,3,3,-1,0.40,0,1,1
J1837+1958,18:37:15,19:58:38,49.4,12,3.6,0.5,5851,2,358,5,364,7,80.9,9.7,a,279.3125,19.9772222222222,85,1416,220.764,29.703,1419.02,220.914,29.658,1419.853,217,224,27,33,1408,1430,444,23,41,0.448642,0.3205398,0.01576287,0,0,421.807,-11729469700000,0.08013495,4,0,0.0002805494,0.0001753433,703.0079,1406,0,3.355486,2.691953,-85.79961,2.849852,2.534407,-87.76796,3.324039,0.02421785,0.1382939,0,69.42386,0.0050039,31.52548,21.88076,19.01149,21.62144,279.3181,19.982512,1393172220,SoFiA J183716.35+195857.0,26.8981056578235,12,1845+22,Gaussian,3.0,3.0,3.0,6.0,GFNF,All,3,3,-1,3,3,-1,3,3,-1,0.40,0,1,1
J1847+2256,18:47:55,22:56:38,53.2,11,6.1,0.8,4358,3,422,7,435,10,62.2,9.7,a,281.979166666667,22.9438888888889,130,1846,71.878,207.185,1758.866,71.947,207.107,1758.918,68,76,203,211,1750,1767,696,18,59,0.579637,0.2265685,0.03719562,0.001274729,0,325.3056,4.206233,0.4409212,3,-0.1323513,13.53679,8.693797,874.0186,1748.132,0,3.645495,3.055007,-20.69242,3.241699,3.064444,-4.55582,4.705749,0.02890861,0.3659925,0,354.4443,0.0042854,41.62295,14.8074,11.23682,13.12162,281.97495,22.950266,1399967620,SoFiA J184753.99+225701.0,26.8867011881774,12,1845+22,Gaussian,3.0,3.0,3.0,6.0,GFNF,All,3,3,-1,3,3,-1,3,3,-1,0.40,0,1,1
J1844+2147,18:44:55,21:47:37,51.9,11.1,6.2,0.7,4420,6,246,11,309,17,63.6,9.8,a,281.229166666667,21.7936111111111,111,1727,113.421,137.584,1711.409,113.501,137.571,1710.92,108,120,132,144,1673,1737,3072,65,126,0.603526,0.6373029,0.01873611,0.05914272,0,683.9697,-4375992070000,0.1593257,6,-0.1967894,0.02294141,0.01433838,836.5094,1673.034,0,5.334206,4.006153,22.33482,4.143456,3.842216,20.28773,19.54507,0.0385026,1.249633,0,359.5458,0.0052373,67.33137,61.78978,54.6372,5.627803,281.22305,21.792852,1399005570,SoFiA J184453.53+214734.3,20.6179853724932,12,1845+22,Gaussian,3.0,3.0,3.0,6.0,GFNF,All,3,3,-1,3,3,-1,3,3,-1,0.40,0,1,1
J1839+2343,18:39:48,23:43:08,53.2,13,2.2,0.5,4763,7,170,13,212,20,69,9.4,a,279.95,23.7188888888889,32,1056,183.577,252.309,1622.103,183.562,252.522,1622.969,182,185,250,255,1612,1629,97,18,16,0.471705,0.06365864,0.02402323,0.01147342,0,71.54307,1.226404,0.08606046,4,-0.06905052,18.89035,14.59677,806.012,1612.069,0,2.79671,0.9795444,-3.793803,2.113014,1.260753,2.737141,1.087005,0.02700516,0,0,315.648,0.0061122,18.05723,13.2228,7.898605,0,279.9473,23.703932,1397242880,SoFiA J183947.35+234214.2,54.5780508163185,17,1845+22,Gaussian,1.0,1.0,1.0,6.0,GFNF,All,1,1,-1,1,1,-1,1,1,-1,0.47,0,1,1
J1845+2124,18:45:05,21:24:49,51.5,10.9,2,0.4,4457,4,178,7,194,11,63.4,9.3,a,281.270833333333,21.4136111111111,22,6780,110.979,115.028,1703.56,110.962,115.09,1704.687,109,113,113,118,1680,1717,423,38,26,0.734334,,,,,,,,,,,,,,,3.350656,2.290328,13.715,2.755831,1.894662,-2.899191,4.162891,0.02757337,0,0,331.5163,0.0047831,42.36693,20.56448,12.09181,0,281.2686,21.418158,1398880640,SoFiA J184504.46+212505.4,18.0182102962339,22,1845+22,Gaussian,1.0,1.0,1.0,4.5,GFNF,All,1,1,-1,1,1,-1,1,1,-1,0.70,0,0,0
J1851+1954,18:51:40,19:54:14,50.8,8.9,1.6,0.3,3988,8,117,15,170,23,55.1,9.1,a,282.916666666667,19.9038888888889,25,7215,18.149,24.921,1802.673,18.102,24.818,1804.065,17,19,23,26,1788,1812,101,25,10,0.773937,,,,,,,,,,,,,,,1.975349,1.576256,-2.905609,1.610056,1.232527,-19.42808,1.102551,0.02571287,0.09289544,0,162.9552,0.0052135,21.04303,19.94615,3.066294,10.07669,282.91464,19.90474,1400872450,SoFiA J185139.51+195417.1,7.50518593671264,22,1845+22,Gaussian,1.0,1.0,1.0,4.5,GFNF,All,1,1,-1,1,1,-1,1,1,-1,0.70,0,0,0
J1846+2302,18:46:33,23:02:49,53.2,11.3,2.1,0.4,4243,5,195,10,216,15,60.9,9.3,a,281.6375,23.0469444444444,89,2525,89.654,213.154,1728.115,89.543,213.194,1727.788,89,90,212,214,1724,1732,26,9,6,0.580319,,,,,,,,,,,,,,,1.663341,1.043702,-3.240776,1.465752,1.011366,7.382393,0.2735482,0.02210961,0,0,241.2553,0.0045638,11.75487,6.77056,1.704831,0,281.65677,23.052809,1399343740,SoFiA J184637.62+230310.1,67.2303736468408,24,1845+22,Gaussian,1.0,1.0,1.0,5.2,GFNF,All,1,1,-1,1,1,-1,1,1,-1,0.54,0,0,0
J1840+2129,18:40:10,21:29:30,51.1,12,3,0.4,4227,3,249,7,261,10,63.1,9.5,a,280.041666666667,21.4916666666667,81,1848,178.908,119.038,1761.136,179.042,119.417,1761.312,167,186,112,124,1748,1774,1859,27,151,0.684715,0.008996893,0.03152742,0.2859844,0,176.1589,7.740505,0.4310829,6,-0.2035797,26.32583,18.11295,873.0158,1746.06,0,4.649291,4.309924,3.470045,5.347292,4.838218,-87.89649,8.079546,0.02133442,0.5435181,0,228.7804,0.0046518,40.28362,23.67424,18.06037,18.41757,280.0491,21.485903,1400015490,SoFiA J184011.78+212909.2,32.4195974392677,28,1845+22,Gaussian,3.0,3.0,3.0,3.0,GFFH,Negative,1,3,-1,1,3,-1,1,2,-1,0.50,0,1,1
J1840+2340b,18:40:46,23:40:52,53.2,12.8,6,0.6,4804,4,467,9,497,13,69.4,9.8,a,280.191666666667,23.6811111111111,67,1655,169.749,252.937,1649.759,169.8,252.526,1651.222,159,176,247,259,1613,1672,2239,60,139,0.770878,0.04199712,0.009829026,0.0008423666,0,509.0411,10.63984,0.2696001,4,-0.02797331,56.92762,39.47274,807.0049,1614.028,0,8.301198,4.98501,72.89184,6.075008,4.492679,73.36224,11.10932,0.0249083,0.4116941,0,231.3625,0.0045623,51.4721,43.97554,31.38779,37.97663,280.1978,23.705755,1397809150,SoFiA J184047.48+234220.7,91.004553755831,28,1845+22,Gaussian,3.0,3.0,3.0,3.0,GFFH,Negative,1,3,-1,1,3,-1,1,2,-1,0.50,0,1,1
J1844+2515,18:44:14,25:15:26,55,12.7,1.7,0.4,4637,6,203,13,226,19,62,9.2,a,281.058333333333,25.2572222222222,248,623,122.779,75.494,1644.312,122.836,75.578,1643.924,121,124,74,77,1637,1655,77,19,11,0.227197,0.04192551,0.02233478,0.002961972,0,38.01733,0.8527024,0.0929348,3,-0.1375036,12.96239,8.363977,817.0112,1634.138,0,1.60366,1.436356,-64.9709,1.448796,1.274417,-70.38309,0.8329997,0.02341909,0.1102177,0,154.3009,0.0050323,18.98753,12.1628,8.277451,8.5908,281.05032,25.259418,1397662850,SoFiA J184412.07+251533.9,27.2508009754129,4,1845+26,Boxcar,3.0,3.0,3.0,4.5,GFFH,All,3,3,-1,3,3,-1,3,3,-1,0.20,0,1,1
J1840+2836,18:40:31,28:36:12,57.8,14.8,2.1,0.3,3081,5,165,9,197,14,41.5,8.9,a,280.129166666667,28.6033333333333,302,760,171.568,276.091,2002.145,171.49,276.134,2003.338,169,175,273,279,1981,2018,428,38,28,0.437427,0.2519434,0.01284057,0.09951076,0,455.3419,4.063919,0.1345,6,-0.1609942,44,43.431,990.0064,1980.046,0,3.136334,2.289208,39.83265,2.697609,1.872085,39.1672,4.241588,0.02339248,0.1271557,0,233.8408,0.0050649,40.47984,36.26951,7.608999,36.24769,280.12064,28.598417,1404866050,SoFiA J184028.95+283554.3,32.2523859124035,4,1845+26,Boxcar,3.0,3.0,3.0,4.5,GFFH,All,3,3,-1,3,3,-1,3,3,-1,0.20,0,1,1
J1842+2453,18:42:15,24:53:41,54.5,13,2.2,0.4,3364,4,164,9,188,13,44.6,9,a,280.5625,24.8947222222222,281,710,149.374,53.749,1934.646,149.428,53.816,1933.616,148,151,51,56,1920,1956,398,37,20,0.395457,0.0007227434,0.1790415,0.2858578,0,404.3882,4.051972,0.172453,6,-0.1275737,34.28619,23.09626,956.5895,1913.046,0,2.928141,2.058914,-2.349627,2.299004,1.722025,-2.990421,4.350637,0.02685336,0.1201455,0,173.6924,0.0042811,51.06864,29.43926,22.91241,29.20149,280.5623,24.89509,1403468800,SoFiA J184214.95+245342.3,1.49685795003247,4,1845+26,Boxcar,3.0,3.0,3.0,4.5,GFFH,All,3,3,-1,3,3,-1,3,3,-1,0.20,0,1,1
J1843+2410,18:43:18,24:10:56,53.9,12.4,2.4,0.3,4006,3,134,7,157,10,55.1,9.2,a,280.825,24.1822222222222,260,650,135.552,11.032,1795.087,135.461,11.027,1794.749,133,139,9,15,1781,1810,527,30,32,0.298472,6.332888E-05,0.05425684,0,0,218.1985,5.184732,0.2503821,6,0,30.82129,20.85655,889.0271,1778.051,0,3.785479,2.904305,-58.67132,2.777087,2.612174,-82.15942,5.27675,0.02719994,0.2329653,0,214.1431,0.0045673,50.32723,27.73842,24.27144,25.76822,280.82138,24.182568,1400685700,SoFiA J184317.13+241057.2,11.9512216269002,4,1845+26,Boxcar,3.0,3.0,3.0,4.5,GFFH,All,3,3,-1,3,3,-1,3,3,-1,0.20,0,1,1
J1840+2441,18:40:18,24:41:04,54.1,13.3,2.9,0.6,4561,2,253,5,258,7,63.1,9.4,a,280.075,24.6844444444444,247,621,176.077,41.435,1670.452,175.983,41.366,1670.313,173,178,39,43,1648,1701,352,54,21,0.614338,0.0001344417,0.09687109,0.003999837,0,668.277,2.841857,0.2017976,4,-0.08529151,20.1629,13.33592,819.5484,1639.085,0,3.03382,2.130184,85.6278,2.210355,1.767285,86.17941,4.43099,0.03041332,0.131635,0,250.4309,0.0059152,39.92619,52.01424,46.04518,51.6691,280.0763,24.684305,1398191740,SoFiA J184018.31+244103.5,4.26213118433963,4,1845+26,Boxcar,3.0,3.0,3.0,4.5,GFFH,All,3,3,-1,3,3,-1,3,3,-1,0.20,0,1,1
J1845+2754,18:45:28,27:54:53,57.6,13.5,2.9,0.5,4681,4,186,8,205,12,69,9.5,a,281.366666666667,27.9147222222222,243,614,105.659,234.555,1645.571,105.787,234.746,1646.033,103,109,231,237,1630,1668,557,39,37,0.360985,0.004227027,0.1540512,0.3107711,0,517.3211,4.620337,0.1502225,6,-0.1122296,39.01205,34.58919,811.577,1623.029,0,3.515622,2.582465,-28.52712,2.558308,2.075509,-33.91106,5.636157,0.02759119,0,0,162.5166,0.0050012,47.79345,36.58856,32.95607,0,281.3672,27.912558,1397705220,SoFiA J184528.12+275445.2,7.96682416759158,4,1845+26,Boxcar,3.0,3.0,3.0,4.5,GFFH,All,3,3,-1,3,3,-1,3,3,-1,0.20,0,1,1
J1838+2522,18:38:32,25:22:22,54.6,13.9,42.3,2.3,3424,2,440,3,452,5,48.1,10.4,a,279.633333333333,25.3727777777778,277,689,199.739,82.686,1925.617,199.682,82.868,1924.847,192,207,74,90,1872,1974,7283,103,187,0.736525,0.05474236,0.10641,0.03530264,0,14122.88,94.27191,1.047056,6,-0.080744,113.0322,102.1794,932.0532,1864.01,0,8.415981,6.329287,-38.0496,5.502197,4.533878,-35.84568,103.4548,0.07393718,1.683615,0,330.4118,0.0045898,264.1177,99.18054,94.58965,95.33922,279.63242,25.3719,1403293060,SoFiA J183831.78+252218.8,4.34519763786382,4,1845+26,Boxcar,3.0,3.0,3.0,4.5,GFFH,All,3,3,-1,3,3,-1,3,3,-1,0.20,0,1,1
J1846+2716,18:46:19,27:16:29,57.1,13.1,0.9,0.3,3413,7,76,14,114,20,50.7,8.8,a,281.579166666667,27.2747222222222,133,448,94.966,196.5,1927.672,94.842,196.514,1927.465,94,96,195,198,1920,1932,58,13,11,0.472874,0.02328796,0.01298961,0.01382947,0,17.89809,0.5768769,0.09109976,4,-0.1990938,8.934469,5.841334,960.0065,1920.199,0,1.878971,1.392746,-35.27464,1.874094,1.408849,-32.76969,0.5782708,0.01927894,0.07459853,0,342.9809,0.0051794,14.66014,7.876098,5.444549,7.207955,281.57175,27.274904,1403345540,SoFiA J184617.22+271629.7,23.75065844292,23,1845+26,Boxcar,3.0,3.0,3.0,5.0,GFNF,All,3,3,-1,3,3,-1,3,3,-1,0.42,0,1,1
J1851+2629,18:51:55,26:29:02,56.9,11.6,4,0.6,3731,7,394,14,433,21,54.1,9.4,a,282.979166666667,26.4838888888889,129,610,18.965,150.035,1830.938,18.926,150.081,1830.624,17,20,148,152,1816,1855,226,40,13,0.62026,0.2112599,0.04567067,0.05719351,0,101.174,2.39601,0.07105313,2,-0.07527145,46,35.31145,903.5228,1807.019,0,2.445386,1.195133,24.24365,2.047331,1.198296,29.97782,1.990204,0.0198699,0.04306415,0,202.7346,0.0052932,25.06599,36.28523,21.27647,36.43574,282.98346,26.490911,1401404670,SoFiA J185156.03+262927.3,28.8178471171335,28,1845+26,Boxcar,3.0,3.0,3.0,4.5,MAD,All,3,3,-1,3,3,-1,3,3,-1,0.55,0,1,1
J1851+2633,18:51:42,26:33:28,56.9,11.7,2.7,0.4,4544,4,288,8,306,12,66,9.4,a,282.925,26.5577777777778,120,568,22.667,153.167,1656.833,22.662,153.142,1656.032,22,24,152,154,1649,1666,60,18,6,0.522796,0.0002525513,0.07885642,0.01961248,0,27.33338,0.4704188,0.04380758,4,-0.1032296,15.69953,10.4517,823.0394,1646.103,0,1.5528,0.9005742,18.83281,1.383702,0.9611451,19.81435,0.5023171,0.01829266,0.03707684,0,0,0.0057923,11.19575,13.24697,7.559668,12.91911,282.91464,26.542742,1397905660,SoFiA J185139.51+263233.9,63.5813928009944,28,1845+26,Boxcar,3.0,3.0,3.0,4.5,MAD,All,3,3,-1,3,3,-1,3,3,-1,0.55,0,1,1
J1907+2045,19:07:54,20:45:32,53.3,5.8,1.1,0.3,3989,6,149,13,175,19,57.4,8.9,a,286.975,20.7588888888889,32,292,1.688,76.167,98.375,1.625,76.482,98.491,1,3,74,79,94,101,48,8,16,0.422503,0.005770159,0.01864989,0.02967048,0,9.440775,0.2890077,0.05587745,4,-0.2078514,6.736757,5.298331,47.00932,94.20785,0,2.86626,1.294287,-7.256049,2.91994,1.314003,-4.122345,0.2844831,0.01645471,0.04114006,0,332.4641,0.003514,11.68505,6.079949,3.173831,5.650626,286.96774,20.762835,1366689920,SoFiA J190752.26+204546.2,28.2585502412916,4,1900+22,Gaussian,3.0,3.0,3.0,3.5,GFFH,All,1,1,20,1,1,20,1,1,20,0.30,0,1,1
J1903+2213,19:03:29,22:13:32,54.1,7.4,1.4,0.4,7771,8,147,16,184,24,109.8,9.6,a,285.870833333333,22.2255555555556,106,660,63.729,164.035,983.694,63.776,164.08,983.704,62,65,162,166,981,988,85,8,17,0.390894,0.0002616969,0.5648923,0.05018108,0,0.9951942,0.717799,0.1369477,4,-0.198089,6.993142,5.411652,489.7824,979.1981,0,2.462321,1.608655,3.222763,2.260278,1.805603,-5.08925,0.6900088,0.01915461,0.09500173,0,223.3858,0.0046619,16.1491,6.621338,5.293011,6.315587,285.86832,22.232397,1384430980,SoFiA J190328.40+221356.6,26.0182335985553,4,1900+22,Gaussian,3.0,3.0,3.0,3.5,GFFH,All,1,1,20,1,1,20,1,1,20,0.30,0,1,1
J1901+1944,19:01:39,19:44:47,51.7,6.7,4.3,0.5,3971,4,259,8,282,11,60.6,9.6,a,285.4125,19.7463888888889,38,545,89.48,14.125,1784.814,89.579,14.427,1784.704,85,94,10,18,1776,1795,943,20,77,0.458634,0.1445036,0.2027641,0.003589703,0,125.5493,7.677437,0.5788007,4,-0.08302134,19.68155,13.10562,886.6014,1773.083,0,4.746165,3.575862,85.56735,3.914675,3.606495,85.38655,7.606735,0.02971555,0.4937988,0,64.02244,0.0051691,47.92095,17.90347,13.39738,15.62943,285.397,19.739447,1400484350,SoFiA J190135.28+194422.0,58.1534238886082,6,1900+22,Gaussian,3.0,3.0,3.0,4.5,GFFH,All,1,1,20,1,1,20,1,1,20,0.41,0,1,1
J1900+2240,19:00:06,22:40:31,54.2,8.3,3.1,0.4,4049,3,196,5,207,8,59.2,9.4,a,285.025,22.6752777777778,54,10211,111.882,190.439,1781.73,111.517,190.521,1783.176,106,122,185,197,1761,1816,1931,56,102,0.62354,1.689641E-05,0.02017153,0.1135879,0,1022.145,11.26801,0.3862245,6,-0.05509997,41.96001,27.91002,874.0101,1748.04,0,6.266683,3.355261,-86.27262,4.520487,3.161578,-83.67802,12.78666,0.0269636,0.6785205,0,98.65953,0.0046197,63.01926,43.85222,35.0309,33.50894,285.00873,22.67537,1400453760,SoFiA J190002.09+224031.3,54.0521868730094,14,1900+22,Boxcar,3.0,3.0,3.0,3.0,GFFH,Negative,3,3,-1,3,3,-1,3,3,-1,0.50,0,0,0
J1905+2700,19:05:15,27:00:35,58.7,9.2,3.4,0.6,4737,5,198,10,217,15,64.1,9.5,a,286.3125,27.0097222222222,29,56,42.103,180.793,1647.966,42.145,180.965,1647.704,41,43,180,182,1645,1651,29,7,7,0.723718,0.08878533,0.0225371,0.01979375,0,1.070659,0.2742537,0.06518401,3,-0.3261023,6,3.761567,822.0113,1644.326,0,1.452856,1.231679,70.22209,1.471359,1.213385,79.73927,0.2557852,0.02014332,0.04290828,0,45,0.0050199,9.629529,5.378665,4.248213,4.928805,286.3069,27.01019,1397738750,SoFiA J190513.66+270036.7,18.0882056812896,4,1900+26,Gaussian,3.0,3.0,3.0,5.0,GFNF,All,3,3,8,3,3,8,3,3,8,0.37,2,1,3
J1905+2842,19:05:25,28:42:32,60.2,9.9,2.3,0.4,7150,3,161,6,173,10,104.1,9.8,a,286.354166666667,28.7088888888889,11,31,40.173,282.531,1104.184,40.186,282.563,1104.41,38,42,281,284,1101,1108,98,8,18,0.915073,0.3773536,0.05615215,0.006007103,0,3.588586,1.267263,0.2366903,3,-0.2776495,8,4.655645,550.0281,1100.278,0,2.505101,1.996582,-62.0738,2.154319,1.920927,-66.61189,1.180234,0.02230189,0.1470201,0,166.8819,0.0053846,22.14124,7.42335,4.913385,6.850752,286.36472,28.703646,1386850180,SoFiA J190527.53+284213.1,38.285035234495,5,1900+26,Gaussian,3.0,3.0,3.0,5.5,GFNF,All,3,3,8,3,3,8,3,3,8,0.40,2,1,3
J1854+2629,18:54:06,26:29:30,57.1,11.2,0.7,0.3,3952,4,114,7,120,11,56.9,8.7,a,283.525,26.4916666666667,701,35003,197.692,145.218,2689,190.293,148.69,2689,162,224,116,171,2689,2689,1342,1,1342,0.68544,,,,,,,,,,,,,,,,,,40.86017,17.36095,80.0475,24.24477,0.06813274,0,4,0,0.034661,19.09419,0,0,0,283.54214,26.470783,1418607870,SoFiA J185410.11+262814.8,93.2960050222381,6,1900+26,Gaussian,3.0,3.0,3.0,3.0,GFFH,Negative,1,3,-1,1,3,-1,0,1,-1,0.50,0,0,0
J1854+2439,18:54:21,24:39:28,55.4,10.4,11.1,1.3,4317,3,313,7,333,10,63.9,10,a,283.5875,24.6577777777778,148,822,188.998,39.726,1729.083,188.982,39.78,1727.158,183,195,34,45,1691,1765,4479,75,128,0.622836,1.257105,0.01961471,0.02391127,0,1877.903,-85543.69,0.366232,6,-0.05864934,10.45341,9.744542,842.5098,1685.019,0,5.813058,4.683288,-84.82075,4.319354,3.930961,-71.33011,28.70509,0.03837494,0.5148905,0,144.8452,0.0046994,91.26947,72.60972,69.38922,71.65902,283.58813,24.655685,1399330940,SoFiA J185421.15+243920.5,7.81352854548757,17,1900+26,Gaussian,3.0,3.0,3.0,3.3,GFFH,All,1,3,-1,1,3,-1,1,3,-1,0.51,0,1,1
J1900+2846,19:00:50,28:46:42,59.9,10.8,3,0.5,4378,6,232,12,267,18,62.7,9.4,a,285.208333333333,28.7783333333333,199,395,101.436,286.353,1732.113,101.196,286.732,1732.073,99,105,284,289,1725,1739,346,15,34,0.473965,0.2758813,0.0573938,0.001691554,0,122.6695,3.127763,0.3113194,4,-0.1186177,15.59473,9.674524,862.0287,1724.119,0,2.879898,2.537893,-87.04816,2.611533,2.522419,37.74432,3.162012,0.03296757,0.2474222,4,316.4565,0.0045013,37.76481,13.68702,10.99272,12.33765,285.20544,28.77939,1399429630,SoFiA J190049.30+284645.8,9.87810881518888,20,1900+26,Gaussian,3.0,3.0,3.0,4.0,GFFH,All,1,3,-1,1,3,-1,1,3,-1,0.40,0,1,1
J1901+2456,19:01:37,24:56:42,56.4,9,3,0.5,9300,4,339,8,354,12,133.3,10.1,a,285.404166666667,24.945,131,274,90.518,56.659,681.976,90.573,56.748,681.675,89,92,55,58,678,686,85,9,15,0.533907,6.136164E-05,0.04895734,0.02517923,0,13.00008,0.757502,0.1634777,4,-0.2398338,6.65079,4.564437,338.5245,677.2398,0,2.192377,1.89983,8.01334,2.046543,1.7814,40.53051,0.7741802,0.01901621,0.109506,0,75.62631,0.0048338,17.47478,6.55473,5.23078,5.905893,285.39386,24.945099,1378377860,SoFiA J190134.53+245642.4,33.6449969390716,20,1900+26,Gaussian,3.0,3.0,3.0,4.0,GFFH,All,1,3,-1,1,3,-1,1,3,-1,0.40,0,1,1
J1901+2747,19:01:13,27:47:24,59,10.3,1.3,0.3,3811,5,81,9,104,14,52.7,8.9,a,285.304166666667,27.79,206,404,96.633,227.515,1839.297,96.486,227.431,1839.552,94,100,225,230,1832,1846,330,15,33,0.49753,0.2310396,0.05123127,0.007967426,0,66.40453,2.703285,0.2482486,4,-0.1060381,16,10.88156,915.5256,1831.106,0,3.124796,2.615904,11.50189,2.752362,2.521507,-79.05925,2.662171,0.02453711,0.2102198,0,42.99696,0.004729,30.98899,14.146,11.33809,12.06518,285.29227,27.790348,1401583620,SoFiA J190110.14+274725.3,37.9190121793028,20,1900+26,Gaussian,3.0,3.0,3.0,4.0,GFFH,All,1,3,-1,1,3,-1,1,3,-1,0.40,0,1,1
J1901+2820,19:01:52,28:20:01,59.5,10.4,1.7,0.4,3921,4,133,8,146,11,55.7,9.1,a,285.466666666667,28.3336111111111,204,402,86.792,259.833,1804.562,87.098,259.864,1804.443,85,89,258,261,1802,1807,48,6,14,0.548206,1.985647E-06,0.009725148,0.02403437,0,5.651501,0.4779342,0.1458556,4,-0.350131,4.800017,3.194676,900.5049,1801.35,0,1.758307,1.496896,-64.63765,2.041951,1.496972,-81.43435,0.4799801,0.02120563,0.08832827,0,192.2031,0.0048654,14.23905,4.839049,3.105731,4.346427,285.47153,28.330662,1400880000,SoFiA J190153.16+281950.4,18.7067220785365,20,1900+26,Gaussian,3.0,3.0,3.0,4.0,GFFH,All,1,3,-1,1,3,-1,1,3,-1,0.40,0,1,1
J1903+2736,19:03:35,27:36:32,59.1,9.8,5.6,0.8,4225,6,372,12,409,18,57.9,9.6,a,285.895833333333,27.6088888888889,195,389,63.936,218.047,1713.438,63.954,217.725,1713.205,60,68,215,221,1705,1722,528,18,49,0.437541,0.0001945119,0.06306143,0.004206601,0,200.7714,3.643799,0.349459,4,-0.1069154,15.16906,10.10813,851.5315,1703.107,0,3.281941,2.969558,-9.701607,3.010235,2.823489,-8.5825,3.922165,0.02184091,0.3258748,0,323.6017,0.0046644,36.59462,15.49902,11.65104,12.40138,285.90384,27.626038,1399051390,SoFiA J190336.92+273733.7,66.808632033956,20,1900+26,Gaussian,3.0,3.0,3.0,4.0,GFFH,All,1,3,-1,1,3,-1,1,3,-1,0.40,0,1,1
J1910+1933,19:10:19,19:33:03,52.5,4.8,5.7,0.6,3901,6,454,11,490,17,56,9.6,a,287.579166666667,19.5508333333333,489,779,177.152,3.863,1826.075,177.452,3.647,1824.898,165,184,0,10,1768,1875,5284,108,154,0.620041,0.4087107,0.1493509,0.08071797,0,1330.296,28.06237,0.3702799,6,-0.0636005,117.2812,71.41348,881.0747,1762.018,0,7.805624,4.731447,68.71399,5.438656,3.588395,65.27085,30.75027,0.03189907,0.1952211,1,244.9181,0.0048367,87.46248,102.6266,89.81052,103.008,287.5923,19.555996,1401289860,SoFiA J191022.15+193321.6,48.2279356099197,3,1915+22,Gaussian,3.0,3.0,3.0,3.3,GFFH,All,1,3,-1,1,3,-1,1,3,-1,0.40,0,1,1
J1917+2354,19:17:60,23:54:48,57.2,5.2,1.7,0.4,8110,6,156,11,186,17,117,9.8,a,289.5,23.9133333333333,218,401,71.087,265.222,895.468,70.991,265.232,895.238,69,74,263,267,892,900,126,9,24,0.61121,0.1056626,0.3092717,1.869348,0,17.44116,1.065364,0.1668035,6,-0.5850897,7.893412,7.056115,445.6546,891.1401,0,2.900988,2.068608,-61.56317,2.569663,1.929241,-64.20743,1.032826,0.026548,0.126642,0,249.1,0.0044234,20.88399,7.506476,6.5831,7.190636,289.4977,23.919285,1382658050,SoFiA J191759.45+235509.4,22.7108098560593,4,1915+22,Gaussian,3.0,3.0,3.0,3.5,GFFH,All,1,3,-1,1,3,-1,1,3,-1,0.40,0,1,1
J1906+2327,19:06:56,23:27:43,55.6,7.3,1.8,0.4,9146,6,278,13,317,19,128.7,9.9,a,286.733333333333,23.4619444444444,476,1164,222.286,237.786,661.786,222.223,237.716,661.625,221,223,237,239,661,663,14,3,7,0.411414,0.2239711,0.05057126,0,0,3.44603E-31,0.2120797,0.09749995,3,0,2,2,330.0253,660,0,1.732642,0.712851,71.65882,1.632346,1.227204,-79.02433,0.1560869,0.01942806,0.0752512,0,0,0.0052862,8.523739,1.667162,1.167904,1.357782,286.74716,23.450123,1377976060,SoFiA J190659.32+232700.4,62.4245160660799,5,1915+22,Boxcar,3.0,3.0,3.0,3.5,GFFH,All,1,3,-1,1,3,-1,1,3,-1,0.40,0,1,1
J1915+2009,19:15:01,20:09:35,53.5,4.1,11.4,1.2,4713,4,522,8,545,12,67.6,10.1,a,288.754166666667,20.1597222222222,251,25338,111.45,39.512,1646.278,111.589,39.528,1647.702,105,116,31,45,1582,1704,2576,123,99,0.745937,0.8606932,0.01498945,0.003028476,0,3356.95,-17709.76,0.2151733,6,-0.005044836,16.32721,14.55036,786.5075,1573.014,0,6.09104,4.733856,35.18443,3.659424,2.915874,20.28686,25.09722,0.03165382,0.1982215,0,210.9507,0.0044046,112.2645,118.6525,114.4977,118.6432,288.7573,20.158531,1397738620,SoFiA J191501.75+200930.7,11.4044124556259,8,1915+22,Boxcar,3.0,3.0,3.0,2.5,GFFH,Negative,1,3,-1,1,3,-1,1,3,-1,0.50,0,1,1
J1917+2030,19:17:33,20:30:19,54.1,3.7,2.1,0.5,2356,6,97,13,140,19,36,8.8,a,289.3875,20.5052777777778,357,34803,76.184,60.324,2159.638,76.232,60.399,2159.656,74,79,56,64,2149,2171,370,23,40,0.691058,0.3042421,0.03919839,0.003535687,0,90.79816,3.816367,0.2810473,4,-0.1012475,23.14124,11.77899,1073.02,2146.101,0,4.016973,2.46232,21.18357,3.203037,2.119035,15.86402,3.697784,0.02153881,0.3825344,0,16.47056,0.0044965,42.75294,18.33609,12.33434,10.03609,289.38647,20.505272,1407998980,SoFiA J191732.76+203019.0,3.45758303658526,8,1915+22,Boxcar,3.0,3.0,3.0,2.5,GFFH,Negative,1,3,-1,1,3,-1,1,3,-1,0.50,0,1,1
J1915+2254,19:15:21,22:54:50,56,5.3,2.6,0.5,7902,7,400,14,442,21,111.7,9.9,a,288.8375,22.9138888888889,198,15699,106.639,205.308,986.923,106.589,205.278,986.916,103,109,203,208,979,993,169,15,25,0.633738,0.3327655,0.03508088,0.0613064,0,90.72507,1.653075,0.1568903,4,-0.1466822,16,15.31276,489.0175,978.1467,0,2.635105,2.15219,-1.178526,2.298191,1.988498,49.33541,1.620913,0.0235554,0.1075876,0,26.09213,0.0048073,25.93682,14.65266,10.85753,14.44797,288.8479,22.921326,1384495360,SoFiA J191523.50+225516.8,43.6583179835441,8,1915+22,Boxcar,3.0,3.0,3.0,2.5,GFFH,Negative,1,3,-1,1,3,-1,1,3,-1,0.50,0,1,1
J1911+2112,19:11:28,21:12:22,54.1,5.3,3.3,0.5,5024,4,397,8,410,12,70.3,9.6,a,287.866666666667,21.2061111111111,172,114901,163.696,102.034,1549.453,163.101,102.298,1549.154,156,174,95,111,1538,1559,1256,22,196,0.86594,5.611486E-06,0.01074605,0.1312184,0,441.5759,4.318999,0.3399002,6,-0.04540605,18.31009,12.35405,768.5054,1537.09,0,7.861732,6.104793,69.12692,6.82001,5.299765,73.43247,5.879731,0.01998365,0.3879465,0,262.674,0.004081,40.65316,15.96468,13.65978,14.89136,287.83646,21.202414,1395763580,SoFiA J191120.75+211208.7,102.264140417463,10,1915+22,Gaussian,1.0,1.0,1.0,2.5,GFFH,All,1,1,-1,1,1,-1,1,1,-1,0.50,0,1,1
J1909+2649,19:09:28,26:49:12,58.9,8.2,8.1,1,4731,3,274,7,292,10,66.5,9.9,a,287.366666666667,26.82,40,26527,185.333,169.479,1641.658,185.419,169.421,1641.257,172,197,156,181,1597,1723,14124,127,421,0.995221,0.007597717,0.09342254,0.0002239702,0,2061.035,42.93534,0.8680827,4,-0.02443372,70.66847,46.76099,783.0467,1566.024,0,12.36583,8.427413,-39.25946,9.145248,7.368727,-36.16936,49.90017,0.03365179,0.4149905,0,284.6909,0.0047345,88.87351,74.42326,60.63984,74.91319,287.37875,26.817179,1397609470,SoFiA J190930.90+264901.8,40.1391211884066,7,1915+26,Boxcar,3.0,3.0,3.0,2.5,GFFH,All,1,3,-1,1,3,-1,1,3,-1,0.50,0,1,1
J1911+2421,19:11:37,24:21:08,56.9,6.7,8.9,1.1,642,2,116,4,126,7,10.5,8.4,a,287.904166666667,24.3522222222222,49,42279,158.961,20.732,2542.907,158.568,21.07,2543.331,152,167,14,28,2527,2562,2883,36,152,1,0.009223772,0.274046,0.1804668,0,1925.47,22.76295,1.201464,6,-0.01958265,27.22621,18.1493,1260.637,2521.063,0,6.2016,5.246267,67.74218,4.922627,4.256072,55.92322,25.7541,0.05212157,1.189542,0,68.65785,0.0046511,103.1266,29.21447,26.08672,25.64917,287.89807,24.348158,1415688450,SoFiA J191135.53+242053.4,24.7737304421321,7,1915+26,Boxcar,3.0,3.0,3.0,2.5,GFFH,All,1,3,-1,1,3,-1,1,3,-1,0.50,0,1,1
J1932+2249,19:32:33,22:49:28,57.8,1.7,3.5,0.5,7140,4,198,9,221,13,101.3,9.9,a,293.1375,22.8244444444444,312,509,75.727,199.308,1111.424,76.019,199.409,1112.94,70,80,196,203,1095,1133,1305,39,73,0.574624,0.6125144,0.03836377,0.02820013,0,470.5247,10.54738,0.2673392,2,-0.1043331,44,44,544.5192,1089.007,0,5.973687,3.292769,-81.61065,4.085573,2.872539,-84.05083,10.37736,0.02874802,0.2968228,0,274.9029,0.0047215,60.84153,37.9069,35.21118,36.61254,293.15063,22.822247,1387021060,SoFiA J193236.15+224920.1,44.2953933917612,2,1930+22,Gaussian,3.0,3.0,3.0,3.5,GFNF,All,3,3,-1,3,3,-1,3,3,-1,0.60,0,1,1
J1929+2223,19:29:09,22:23:55,57,2.2,0.6,0.2,11507,7,16,15,99,22,163.1,9.6,a,292.2875,22.3986111111111,88,321,123.443,174.176,187.124,123.478,174.282,187.107,120,127,171,177,180,195,307,16,38,0.652597,0.5299615,0.05400158,0.008614023,0,58.43622,2.63479,0.2978423,4,-0.1803597,15.2291,6.69365,89.027,178.1804,0,3.3566,2.408536,79.61038,3.145669,2.426498,68.07728,2.403148,0.01973043,0.2287166,0,228.1653,0.0046837,29.28342,12.94052,3.781769,10.91025,292.2931,22.40458,1368466050,SoFiA J192910.34+222416.5,28.4229709722413,3,1930+22,Gaussian,3.0,3.0,3.0,3.5,GFFH,All,3,3,-1,3,3,-1,3,3,-1,0.40,0,1,1
J1923+2335,19:23:48,23:35:08,57.5,3.9,1.6,0.3,7912,4,80,8,106,12,110.4,9.7,a,290.95,23.5855555555556,562,1778,197.05,245.392,948.425,197.154,245.432,947.878,193,199,243,248,939,958,339,20,29,0.78141,0.01023407,0.03321253,0.4275461,0,167.4726,3.155249,0.2631286,6,-0.2896695,17.36484,11.70334,468.5166,937.0937,0,2.864023,2.480811,-1.256653,2.508736,2.344466,-29.76175,3.260726,0.02764842,0.4096638,0,348.7721,0.0046753,37.8792,17.05511,14.04385,8.715974,290.95123,23.583614,1383713020,SoFiA J192348.30+233501.0,8.08599869941329,3,1930+22,Gaussian,3.0,3.0,3.0,3.5,GFFH,All,3,3,-1,3,3,-1,3,3,-1,0.40,0,1,1
J1928+1956,19:28:36,19:56:54,54.8,1.2,1.7,0.4,7042,5,230,10,249,15,99,9.6,a,292.15,19.9483333333333,622,1969,131.598,26.991,1116.955,131.545,27.114,1116.354,130,133,25,30,1110,1125,112,16,16,0.771919,4.144611E-06,0.01432942,0.00701113,0,48.25603,1.018816,0.114337,4,-0.1283847,12.89036,8.58785,553.5072,1107.128,0,2.65607,1.583668,-6.615275,2.488134,1.314642,-7.947927,1.045885,0.020793,0.09030952,0,350.4698,0.0049237,20.07165,11.95168,8.719313,10.83734,292.15344,19.951153,1387089660,SoFiA J192836.83+195704.1,15.4506228826609,3,1930+22,Gaussian,3.0,3.0,3.0,3.5,GFFH,All,3,3,-1,3,3,-1,3,3,-1,0.40,0,1,1
J1925+2159,19:25:22,21:59:58,56.3,2.8,2.1,0.4,9942,8,182,16,244,23,143.1,10,a,291.341666666667,21.9994444444444,326,1052,176.487,150.44,516.113,176.335,150.34,515.429,175,179,148,155,499,540,275,42,21,0.815202,0.3444381,0.0218044,0.002077589,0,326.3869,-468.5987,0.08610952,4,-0.04907151,9.421731,8.558367,246.0109,492.0491,0,2.577499,1.941512,7.727119,2.013327,1.602662,-4.617074,2.193598,0.02296073,0.07590926,0,263.0022,0.0050427,26.2318,34.47762,7.319809,34.23241,291.34344,22.001633,1375046140,SoFiA J192522.43+220005.9,9.86330507164375,3,1930+22,Gaussian,3.0,3.0,3.0,3.5,GFFH,All,3,3,-1,3,3,-1,3,3,-1,0.40,0,1,1
J1925+2056,19:25:59,20:56:51,55.4,2.2,3.4,0.4,7536,4,352,7,367,11,109.9,10,a,291.495833333333,20.9475,593,1866,168.303,87.394,1052.616,168.297,87.379,1052.371,166,170,85,89,1038,1065,198,28,17,0.795183,0.05378529,0.0190794,0.005894712,0,100.8905,1.400866,0.06813096,4,-0.05585544,31.51206,20.38238,518.0095,1036.056,0,2.714175,1.680708,14.33587,2.323424,1.592424,28.56683,1.388306,0.01774692,0.1263351,0,231.5912,0.0043277,22.79803,24.5036,13.32121,13.45513,291.4952,20.953196,1385807230,SoFiA J192558.85+205711.5,20.6113063566151,3,1930+22,Gaussian,3.0,3.0,3.0,3.5,GFFH,All,3,3,-1,3,3,-1,3,3,-1,0.40,0,1,1
J1927+2011,19:27:33,20:11:48,54.9,1.5,9.6,1,7135,5,80,11,192,16,101.7,10.4,a,291.8875,20.1966666666667,618,1963,146.857,41.472,1122.934,146.8,41.822,1120.073,141,153,36,47,1101,1157,2622,57,118,1,5.933969E-05,0,0.0005783602,0,1422.869,24.9918,1.379417,4,-0.06714183,25.93531,17.13603,544.5,1089.067,0,6.503847,5.368882,88.16414,4.473247,4.28459,59.35539,27.79788,0.05157958,1.765869,0,277.8803,0.0044529,121.983,28.23794,16.46718,14.97872,291.882,20.19561,1387164160,SoFiA J192731.68+201144.2,19.0059296780409,3,1930+22,Gaussian,3.0,3.0,3.0,3.5,GFFH,All,3,3,-1,3,3,-1,3,3,-1,0.40,0,1,1
J1924+2033,19:24:31,20:33:45,54.9,2.3,0.7,0.2,9831,8,137,15,164,23,143.3,9.5,a,291.129166666667,20.5625,207,897,188.595,65.807,3017.748,188.595,65.604,3019.716,186,191,63,69,3000,3030,301,31,29,0.675242,0.05420382,0.02325274,0.2967755,0,205.683,2.575332,0.2117662,6,-0.1138984,19.14252,8.248862,1499.512,2999,0,2.700816,2.17205,4.509596,2.578758,2.086815,-12.9254,2.082345,0.02083282,0.06150969,0,242.5898,0.0045543,26.35411,17.54835,16.56019,27.46248,291.1362,20.587614,1425235970,SoFiA J192432.69+203515.4,93.466538178714,5,1930+22,Gaussian,3.0,3.0,3.0,3.5,GFFH,All,1,3,-1,1,3,-1,1,3,-1,0.40,0,1,1
J1937+2317,19:37:10,23:17:10,58.7,1,2.1,0.4,7147,5,168,9,189,14,103.9,9.7,a,294.291666666667,23.2861111111111,58,393,13.602,227.325,1116.83,13.55,227.477,1116.002,10,18,224,231,1097,1131,872,35,59,0.687564,0.4893918,0.02393789,0,0,757.9926,5.182942,0.2240679,6,0,40,40,548.012,1096.059,0,3.658868,3.164811,60.14541,3.237383,2.844965,87.14073,6.427932,0.02671994,0.2018112,0,267.1699,0.0049412,44.05376,34.16829,31.36087,33.38911,294.28656,23.281864,1387082500,SoFiA J193708.78+231654.7,22.779581678839,5,1930+22,Gaussian,3.0,3.0,3.0,3.5,GFFH,All,1,3,-1,1,3,-1,1,3,-1,0.40,0,1,1
J1922+1956,19:22:30,19:56:42,54.1,2.4,0.8,0.3,7967,5,102,10,115,15,116,9.4,a,290.625,19.945,508,1149,217.835,27.376,937.671,217.845,27.301,937.55,216,220,26,29,932,948,85,17,14,0.680578,0.06559435,0.0649884,0.004637563,0,10.8998,0.7473345,0.082435,3,-0.1445961,13.4891,8.078966,464.0325,928.1446,0,1.893871,1.370008,46.38731,1.721308,1.479796,-89.40607,0.6877674,0.01774434,0.06028637,0,223.2071,0.0049702,15.18911,12.07811,7.117927,10.7775,290.62302,19.943832,1383506050,SoFiA J192229.53+195637.8,7.92024203609352,7,1930+22,Boxcar,3.0,3.0,3.0,3.7,GFFH,All,3,3,-1,3,3,-1,3,3,-1,0.50,0,1,1
J1924+2105,19:24:03,21:05:20,55.3,2.7,0.8,0.3,3104,7,79,14,98,21,47.9,8.6,a,291.0125,21.0888888888889,963,2068,195.232,95.744,1996.598,195.23,95.798,1996.554,194,196,94,97,1991,2003,82,13,11,0.606192,2.435686E-05,0.08392079,0.01336476,0,27.53357,0.7152136,0.07768849,4,-0.110606,12.69931,9.535138,994.542,1989.111,0,1.95649,1.408041,-21.52604,1.776901,1.271624,0.03393334,0.7224785,0.01724595,0.08145582,0,346.4258,0.0045517,17.52841,11.96735,10.08083,10.18411,291.0131,21.089888,1404730240,SoFiA J192403.14+210523.6,4.10872214340739,7,1930+22,Boxcar,3.0,3.0,3.0,3.7,GFFH,All,3,3,-1,3,3,-1,3,3,-1,0.50,0,1,1
J1925+2045,19:25:03,20:45:36,55.1,2.3,1.9,0.4,8976,5,295,11,315,16,131,9.9,a,291.2625,20.76,379,863,181.418,75.859,717.825,181.442,75.878,718.437,180,183,74,77,694,748,177,55,13,0.650482,0.09160354,0.008242303,0.0017149,0,268.4923,1.167952,0.02290088,1,-0.01249404,64,59.5278,342.5041,685.0125,0,2.177037,1.535214,74.71175,1.506693,1.346203,-66.04079,1.417219,0.01821475,0.02794974,0,68.20672,0.0046731,22.79535,51.5703,46.63099,51.96344,291.26218,20.75989,1379114750,SoFiA J192502.92+204535.6,1.15919930355416,7,1930+22,Boxcar,3.0,3.0,3.0,3.7,GFFH,All,3,3,-1,3,3,-1,3,3,-1,0.50,0,1,1
J1949+2411,19:49:52,24:11:10,60.9,-1,9.9,1.1,3119,3,255,6,272,9,42.5,9.6,a,297.466666666667,24.1861111111111,32,2616,44.895,282.054,1996.446,45.076,281.721,1996.422,38,49,277,288,1962,2024,2058,63,86,0.99944,0.01595348,0.2266086,0.0696725,0,3086.066,15.34653,0.339421,6,-0.01401128,66.29931,45.3309,979.6133,1959.024,0,5.694288,4.202592,-10.6963,3.900975,3.085916,4.84611,20.76639,0.04172781,0.3933911,0,14.85967,0.0050321,90.96868,58.24969,54.57682,57.41502,297.47287,24.191502,1404727550,SoFiA J194953.49+241129.4,28.1346224544778,5,1945+22,Boxcar,3.0,3.0,3.0,3.5,GFFH,All,3,3,-1,3,3,-1,3,3,-1,0.40,0,1,1
J1944+2753,19:44:24,27:53:34,63.5,1.9,1.1,0.2,5647,6,111,12,167,18,79.8,9.2,a,296.1,27.8927777777778,108,224,119.967,234.2,1445.933,120.021,234.125,1445.622,119,121,233,235,1444,1448,30,5,9,0.66815,0.2966692,0.03539002,0,0,2.430859,0.3708365,0.0741673,1,0,4,4,721.5177,1443,0,1.63444,0.3996459,89.39164,1.541234,1.404099,-85.68504,0.3115472,0.01634773,0.07524633,0,0,0.0071156,8.426119,3.691233,3.228082,3.339013,296.09872,27.902168,1393688580,SoFiA J194423.70+275407.8,34.0485447297719,3,1945+26,Gaussian,3.0,3.0,3.0,4.5,GFFH,All,3,3,-1,3,3,-1,3,3,-1,0.40,0,1,1
J1941+2816,19:41:33,28:16:40,63.6,2.6,3,0.4,6769,8,221,15,309,23,94.2,9.8,a,295.3875,28.2777777777778,122,1469,157.991,257.875,1178.107,157.997,257.942,1178.091,157,159,256,260,1170,1188,112,19,12,0.419356,0.06983579,0.02078697,0.01140434,0,40.01264,0.8746328,0.1086447,4,-0.1665296,10.93072,7.013207,584.0104,1168.167,0,2.518563,1.355989,17.1524,2.220904,1.299682,18.16235,0.8461438,0.02094992,0.05997446,0,109.0402,0.0053006,15.08381,12.98743,5.129797,12.95021,295.37933,28.296783,1388326910,SoFiA J194131.04+281748.4,73.1544443980164,6,1945+26,Boxcar,3.0,3.0,3.0,3.5,GFFH,Positive,3,3,-1,3,3,-1,3,3,-1,0.40,0,1,1
J1942+2823,19:42:24,28:23:08,63.7,2.5,0.8,0.2,4592,4,105,8,124,12,62.8,8.8,a,295.6,28.3855555555556,171,1922,146.143,263.132,1660.56,146.226,263.231,1660.078,144,148,261,265,1657,1666,91,10,18,0.431497,0.0001624161,0.2540425,0.0239787,0,8.70375,0.9685572,0.1878537,4,-0.2230994,7.432336,4.931296,827.627,1655.223,0,2.269771,1.83978,-44.6476,2.127375,1.770618,-38.86767,0.958668,0.02369505,0.1247173,0,191.0012,0.0046473,21.74431,7.444487,4.510087,6.28329,295.6016,28.386127,1397986690,SoFiA J194224.38+282310.1,5.44926620155785,6,1945+26,Boxcar,3.0,3.0,3.0,3.5,GFFH,Positive,3,3,-1,3,3,-1,3,3,-1,0.40,0,1,1
J2000+2201,20:00:07,22:01:23,60.3,-4.2,2.4,0.4,4460,6,246,12,280,19,65,9.4,a,300.029166666667,22.0230555555556,78,2790,110.927,152.457,1691.997,110.79,152.241,1694.001,105,117,148,158,1665,1725,799,61,72,0.631561,0.03894246,0.1975241,0.002186509,0,574.5307,4.817582,0.09425837,4,-0.01914392,69.92842,54.88962,827.5988,1655.019,0,6.222324,3.53149,-43.60278,4.731298,2.585856,-35.29127,5.730622,0.02220491,0.08916499,0,149.4656,0.004683,43.29172,55.06917,47.54783,55.56699,300.02176,22.037352,1398666500,SoFiA J200005.22+220214.5,57.0948779205194,7,2000+22,Boxcar,3.0,3.0,3.0,3.0,GFFH,All,4,3,-1,4,3,-1,4,3,-1,0.40,0,1,1
J2003+2515,20:03:29,25:15:07,63.5,-3.1,1.6,0.4,3048,5,125,11,145,16,41,8.8,a,300.870833333333,25.2519444444444,318,689,65.377,75.322,2009.935,65.071,75.246,2009.934,62,69,72,79,1994,2021,743,28,47,0.609741,0.00798927,0.03368119,0.003317843,0,133.1542,5.1052,0.2228509,4,-0.03961789,29.26482,25.67311,996.5168,1993.04,0,3.530173,2.985,-3.225838,2.996624,2.795996,-39.15343,4.837952,0.02529817,0.1542693,0,89.03063,0.0046645,38.05047,26.45049,18.18604,26.10195,300.8648,25.251389,1404998270,SoFiA J200327.56+251505.0,19.7230751486846,2,2000+26,Gaussian,3.0,3.0,3.0,3.5,GFFH,All,3,3,-1,3,3,-1,3,2,-1,0.40,0,1,1
J1957+2633,19:57:37,26:33:21,63.9,-1.3,2.3,0.5,4405,6,202,12,226,17,63.9,9.3,a,299.404166666667,26.5558333333333,273,611,144.603,154.203,1697.009,144.453,154.09,1696.051,142,148,152,158,1686,1729,459,44,38,0.584381,0.04180842,0.0375896,0.005286746,0,216.3166,3.272261,0.2312414,4,-0.08894145,19.77436,13.01828,836.0188,1672.089,0,3.283972,2.322513,-41.29339,2.900857,2.205893,-35.62582,3.456701,0.02117534,0.1708191,0,212.5546,0.0048162,34.13834,15.5694,12.07618,14.8029,299.39526,26.5669,1398707580,SoFiA J195734.86+263400.8,49.0831249979267,2,2000+26,Gaussian,3.0,3.0,3.0,3.5,GFFH,All,3,3,-1,3,3,-1,3,2,-1,0.40,0,1,1
J2004+2727,20:04:10,27:27:56,65.4,-2.1,2.1,0.4,4336,7,194,14,239,21,60.9,9.3,a,301.041666666667,27.4655555555556,547,2847,56.833,208.552,1712.748,56.74,208.563,1712.52,54,62,207,211,1703,1726,210,24,23,0.488522,0.1007118,0.05952194,0.007968688,0,100.8211,1.797254,0.1308575,4,-0.09195023,20.70389,12.59892,849.5298,1699.092,0,2.683277,1.647407,-59.08514,2.407329,1.616831,-54.14673,1.734503,0.02141605,0.08861441,0,275.1319,0.0050034,24.09469,20.5453,11.95449,19.94293,301.03812,27.472397,1399037700,SoFiA J200409.15+272820.6,27.1139005158267,3,2000+26,Boxcar,3.0,3.0,3.0,3.5,GFFH,All,3,3,-1,3,3,-1,3,3,-1,0.40,0,1,1
J2001+2659,20:01:27,26:59:49,64.7,-1.8,3.6,0.5,3140,3,214,6,229,10,43.9,9.2,a,300.3625,26.9969444444444,638,3263,92.73,179.833,1986.513,92.745,179.854,1986.144,90,96,177,183,1963,2011,920,49,40,0.570418,0.6513055,0.2211252,0.09267954,0,870.6096,9.127029,0.1985299,6,-0.086171,56,56,979.1106,1958.031,0,3.59454,3.253596,-77.00959,2.495916,2.422794,-75.58106,9.289337,0.02889315,0.262666,0,104.6551,0.0048302,63.40529,47.19202,44.82284,46.19321,300.36017,26.997133,1404521470,SoFiA J200126.44+265949.7,7.50973336131506,3,2000+26,Boxcar,3.0,3.0,3.0,3.5,GFFH,All,3,3,-1,3,3,-1,3,3,-1,0.40,0,1,1
J2007+2341,20:07:49,23:41:08,62.7,-4.8,0.5,0.2,2351,5,64,10,92,14,33.5,8.2,a,301.954166666667,23.6855555555556,24,1569,211.384,251.133,750.339,211.295,251.548,750.236,206,219,239,267,731,762,1395,32,138,0.425501,0.04772694,0.0269191,0.2158534,0,355.0916,9.852295,0.7135336,6,-0.03072498,19.64858,13.00809,366.0135,732.0892,0,14.01204,4.087052,17.19933,13.65954,3.416824,15.75171,10.64268,0.02512072,0.01109824,0,194.0071,0.0049112,58.06155,20.73123,14.67411,27.7416,301.9426,23.683002,1379751940,SoFiA J200746.22+234058.8,39.2362294509014,3,2015+22,Boxcar,3.0,3.0,3.0,3.5,GFFH,All,3,3,-1,3,3,-1,3,3,-1,0.40,0,1,1
J2018+2319,20:18:43,23:19:54,63.7,-7.1,1.2,0.3,299,4,25,7,48,11,6.6,7.1,a,304.679166666667,23.3316666666667,72,5088,60.937,230.117,2620.354,60.92,230.041,2620.554,57,65,227,234,2614,2625,316,12,57,0.804107,0.09650452,0.02246026,0.002184935,0,95.87795,3.114087,0.5276245,3,-0.204936,8.463835,5.574137,1307.011,2614.205,0,3.615506,3.350016,-25.2427,3.351404,3.147342,-83.76208,3.197639,0.0275207,0.4039708,0,103.8406,0.0047494,37.87476,8.000498,4.970061,6.691415,304.6772,23.331585,1417236100,SoFiA J201842.53+231953.7,6.55704986178565,3,2015+22,Boxcar,3.0,3.0,3.0,3.5,GFFH,All,3,3,-1,3,3,-1,3,3,-1,0.40,0,1,1
J2017+2837,20:17:32,28:37:07,68,-3.9,6.3,0.9,4215,7,183,14,256,21,63,9.8,a,304.383333333333,28.6186111111111,32,8835,77.805,276.986,1742.248,78.256,276.96,1743.774,67,84,261,289,1712,1774,2048,63,145,0.998493,,,,,,,,,,,,,,,10.15359,6.625214,29.99746,5.138998,4.221328,43.32475,12.24476,0.02851162,0.1561326,0,206.4251,0.0048754,55.49773,52.65855,21.82264,53.71073,304.39066,28.615135,1399664130,SoFiA J201733.76+283654.5,26.3065181006551,5,2015+26,Boxcar,3.0,3.0,3.0,3.0,GFFH,All,4,3,-1,4,3,-1,4,3,-1,0.40,0,0,0
J2030+2017,20:30:50,20:17:42,62.8,-11.1,4,0.5,3687,3,232,6,246,10,52.7,9.4,a,307.708333333333,20.295,93,9089,101.923,47.103,1867.826,101.341,46.531,1866.494,98,109,39,60,1841,1892,1206,52,87,0.943867,0.698201,0.0158614,0.03708125,0,914.7456,9.066988,0.1885775,6,-0.06776933,60,57.54433,918.5079,1837.038,0,8.578863,3.009553,28.427,6.245689,2.769487,34.38669,9.061819,0.02494587,0.1404788,0,212.9357,0.0041849,62.35325,50.82576,48.27873,50.54205,307.6894,20.27518,1402123650,SoFiA J203045.45+201630.6,95.8200893143218,3,2030+22,Boxcar,3.0,3.0,3.0,3.1,GFFH,Negative,4,3,-1,4,3,-1,4,3,-1,0.40,0,1,1
J2030+2203,20:30:31,22:03:13,64.2,-10,1.2,0.3,4241,5,80,9,102,14,57.2,9,a,307.629166666667,22.0536111111111,89,8633,104.373,154.236,1746.503,104.96,153.253,1742.418,100,107,151,159,1735,1761,292,27,39,0.912661,2.694468E-07,0.0005781401,0.001791253,0,512.4437,2.009153,0.2337104,3,-0.1380947,12.2709,8.142635,865.5003,1731.138,0,3.508878,2.542128,49.57717,3.041673,2.200087,34.08831,1.633335,0.02582831,0.188559,0,144.6063,0.004441,21.52303,16.71732,6.831273,14.63211,307.6266,22.054163,1399636860,SoFiA J203030.38+220315.0,8.83388612070975,3,2030+22,Boxcar,3.0,3.0,3.0,3.1,GFFH,Negative,4,3,-1,4,3,-1,4,3,-1,0.40,0,1,1
J2047+2048,20:47:35,20:48:39,65.6,-14,1.2,0.3,10615,5,107,11,126,16,151.9,9.8,a,311.895833333333,20.8108333333333,18,3695,76.263,78.763,1488.946,76.581,78.744,1488.728,73,80,75,82,1484,1493,224,10,42,0.408591,0.0007521337,0.1092713,0.02052216,0,38.62425,0.9832773,0.1401593,4,-0.1394765,9.008452,7.576501,741.5546,1483.139,0,3.215445,2.66711,-26.23213,3.354819,2.751854,-25.11781,0.9882478,0.01264766,0.1069668,0,344.034,0.0035841,18.42303,8.705968,7.274341,8.204097,311.88153,20.811123,1394552450,SoFiA J204731.57+204840.0,48.1412632908361,2,2030+26,Gaussian,3.0,3.0,3.0,6.0,MAD,All,3,3,-1,3,3,-1,3,3,-1,0.40,0,1,1
J2047+2225,20:47:18,22:25:58,66.8,-13,1.3,0.2,4394,4,91,9,118,13,59.7,9,a,311.825,22.4327777777778,23,4186,82.024,178.871,1710.118,80.605,176.7,1708.832,78,90,172,192,1694,1736,629,43,101,0.925885,3.884738E-06,0,0.006743855,0,438.2068,1.814143,0.1179406,4,-0.07935777,22.01659,14.54856,842.5,1685.079,0,6.509954,2.575374,-32.55289,6.543157,2.216165,-32.57786,1.033649,0.02120422,0.1499056,0,138.3242,0.005192,7.95068,19.80572,13.49038,15.02382,311.81613,22.444038,1398963840,SoFiA J204715.87+222638.5,50.1411593872233,2,2030+26,Gaussian,3.0,3.0,3.0,6.0,MAD,All,3,3,-1,3,3,-1,3,3,-1,0.40,0,1,1
J2045+2810,20:45:39,28:10:28,71.3,-9.2,2,0.3,1101,3,63,7,88,10,12.2,7.8,a,311.4125,28.1744444444444,70,16883,103.776,247.881,2438.21,103.56,248.808,2439.171,94,110,239,256,2422,2455,1428,34,160,0.999979,4.36604E-06,0.005988736,0.001549336,0,512.9683,8.488767,0.6932437,4,-0.0996531,17.54635,11.58981,1209.503,2419.1,0,8.476755,6.131986,13.30852,7.533321,4.328587,12.15518,8.893442,0.03757726,0.7895992,0,158.4721,0.0047526,49.51971,17.55098,13.53781,13.69294,311.40952,28.14697,1413600900,SoFiA J204538.29+280849.1,99.3579000229911,2,2045+26,Boxcar,3.0,3.0,3.0,6.0,GFNF,All,3,3,-1,3,3,-1,3,3,-1,0.40,0,1,1
J2050+2538,20:50:30,25:38:06,69.9,-11.6,2.1,0.5,2371,4,141,9,158,13,35.6,8.8,a,312.625,25.635,67,856,36.763,97.655,2163.93,36.595,97.865,2163.402,20,48,88,108,2140,2183,4310,44,296,0.867205,0.7281712,0.2420205,0.1523415,0,468.4964,17.46909,0.7745507,6,-0.1301678,41.73047,18.77743,1069.121,2138.063,0,13.39269,6.362586,47.47864,10.63878,5.694519,47.55715,17.45044,0.03099661,0.4207557,0,33.75542,0.0048732,54.54437,37.40074,20.6884,37.45935,312.64398,25.624252,1408074110,SoFiA J205034.55+253727.3,72.7530770428933,5,2045+26,Gaussian,3.0,3.0,3.0,3.0,MAD,All,1,5,-1,1,5,-1,1,4,-1,0.50,0,1,1
J2051+2454,20:51:15,24:54:16,69.4,-12.2,2.6,0.5,10742,6,229,12,255,17,154.6,10.2,a,312.8125,24.9044444444444,34,105,26.942,54.514,341.728,27.018,54.8,339.722,25,29,52,57,328,369,243,42,23,0.731188,0.0003484818,0.6469532,0.0111083,0,201.1698,1.266945,0.1108349,4,-0.10591,16.36277,10.81985,158.8235,317.1059,0,2.560364,2.215452,14.62735,2.280222,2.003053,-31.287,1.592838,0.02059628,0.04713455,0,222.9055,0.0049012,21.47606,33.00313,9.365451,33.34235,312.81177,24.904573,1371524610,SoFiA J205114.82+245416.5,2.43620246748306,7,2045+26,Gaussian,3.0,3.0,3.0,3.7,MAD,All,1,5,-1,1,5,-1,1,4,-1,0.50,0,1,1
J2038+2407,20:38:22,24:07:14,67,-10.3,0.8,0.3,10338,10,30,21,119,31,150,9.6,a,309.591666666667,24.1205555555556,38,109,202.846,7.854,433.675,202.9,7.846,433.444,201,205,5,10,431,437,123,7,26,0.544396,8.235002E-05,0.223047,0.02139768,0,7.805965,1.143569,0.2596145,4,-0.2184429,5.562912,4.764632,215.1115,430.2184,0,2.72071,2.370891,-26.34392,2.665618,2.231582,-12.73769,1.142395,0.01873356,0.1881421,0,241.1682,0.0042828,24.4523,5.484669,4.777658,5.11855,309.58984,24.120392,1373402880,SoFiA J203821.56+240713.4,6.01844217523803,8,2045+26,Gaussian,3.0,3.0,3.0,4.1,MAD,All,1,5,-1,1,5,-1,1,4,-1,0.50,0,1,1
J2105+2422,21:05:10,24:22:59,71,-15,2,0.4,4759,4,298,7,309,11,65,9.3,a,316.291666666667,24.3830555555556,282,565,41.227,23.136,1655.955,41.158,23.099,1655.875,40,42,22,24,1653,1658,22,6,6,0.482249,0.08495568,0.01992648,0.01962513,0,6.542495,0.2540022,0.05590708,3,-0.2935185,6,3.835537,826.01,1652.294,0,1.371493,1.264911,-59.03624,1.265458,1.109408,-45.32451,0.2412883,0.01796517,0.04075467,0,126.1851,0.0047103,10.92125,5.21535,4.015354,4.878028,316.2964,24.378605,1397902340,SoFiA J210511.13+242243.0,22.2766771752645,3,2100+26,Boxcar,3.0,3.0,3.0,5.0,GFNF,All,3,3,-1,3,3,-1,3,3,-1,0.40,0,0,0
J2056+2557,20:56:45,25:57:22,71.1,-12.5,1.1,0.3,4744,4,107,9,122,13,71.7,9.1,a,314.1875,25.9561111111111,260,534,155.824,117.382,1632.088,155.761,117.378,1632.194,155,157,116,119,1628,1636,34,9,9,0.496448,0.07990184,0.03301215,0.08833019,0,7.000561,0.3652381,0.05839853,4,-0.1808884,8,6.526995,814.0165,1628.181,0,1.565512,1.040213,13.79427,1.690728,1.117819,3.526795,0.3871245,0.01961306,0.04363185,0,0,0.0060481,10.97725,8,5.404019,7.620538,314.1888,25.954,1397427840,SoFiA J205645.32+255714.4,8.7049711617597,3,2100+26,Boxcar,3.0,3.0,3.0,5.0,GFNF,All,3,3,-1,3,3,-1,3,3,-1,0.40,0,0,0
J2105+2710,21:05:37,27:10:19,73.3,-13.3,1,0.3,981,8,183,17,253,25,11.1,7.5,a,316.404166666667,27.1719444444444,318,512,36.817,189.327,2482.663,36.936,189.089,2482.627,35,39,187,192,2479,2486,104,8,24,0.655955,,,,,,,,,,,,,,,2.588802,1.844859,-15.2103,2.575691,1.902931,-19.22373,0.926058,0.0192572,0.1255754,0,319.2919,0.0052677,17.23841,6.932323,5.39213,6.136952,316.40607,27.14467,1414471940,SoFiA J210537.45+270840.8,98.3747238161853,4,2100+26,Gaussian,3.0,3.0,3.0,4.5,GFNF,Negative,3,3,-1,3,3,-1,3,3,-1,0.40,0,0,0
J2102+2511,21:02:44,25:11:51,71.3,-14,1,0.2,3122,3,42,6,60,10,45,8.7,a,315.683333333333,25.1975,448,1675,75.115,72.522,1991.251,74.992,72.26,1991.236,71,79,67,77,1985,1998,712,14,79,0.697091,,,,,,,,,,,,,,,4.173297,3.38239,8.878829,4.016814,3.295364,0.7436564,4.182298,0.03121904,0.3839123,0,170.7896,0.0041608,37.66997,11.45927,9.433897,10.04335,315.6817,25.202602,1404623620,SoFiA J210243.61+251209.4,19.1220837111129,6,2100+26,Gaussian,3.0,3.0,3.0,3.0,MAD,Negative,1,5,-1,1,5,-1,1,4,-1,0.40,0,0,0
J2054+2555,20:54:30,25:55:57,70.7,-12.1,1.6,0.4,6911,3,263,7,269,10,102.6,9.6,a,313.625,25.9325,372,1412,184.836,116.098,1713.705,185.079,116.144,1713.461,181,188,114,118,1712,1717,61,6,29,0.61545,,,,,,,,,,,,,,,1.84621,1,-58.82865,2.806225,1.685143,89.8578,0.2712016,0.01162474,0.05059963,0,0,0.0042684,8.34275,4.8,3.241914,4.671216,313.64554,25.929321,1399056510,SoFiA J205434.93+255545.6,67.4715523707761,6,2100+26,Gaussian,3.0,3.0,3.0,3.0,MAD,Negative,1,5,-1,1,5,-1,1,4,-1,0.40,0,0,0
J2057+2557,20:57:15,25:57:54,71.1,-12.6,18.3,1.4,1521,2,260,4,275,6,25.6,9.5,a,314.3125,25.965,541,2008,149.111,117.904,2346.889,149.274,117.896,2347.079,142,157,110,125,2314,2380,8595,67,212,0.653177,,,,,,,,,,,,,,,7.118074,6.289715,-86.7807,5.498535,4.974791,78.67838,52.45418,0.05206768,1.143101,0,347.8465,0.0044119,128.2435,60.9055,57.62543,59.4683,314.30902,25.963264,1411755260,SoFiA J205714.16+255747.8,12.8775386424344,6,2100+26,Gaussian,3.0,3.0,3.0,3.0,MAD,Negative,1,5,-1,1,5,-1,1,4,-1,0.40,0,0,0
J2054+2401,20:54:56,24:01:31,69.2,-13.4,3.6,0.5,3522,5,106,10,164,15,50.7,9.3,a,313.733333333333,24.0252777777778,424,1584,182.589,3.207,1901.064,182.212,2.618,1901.421,177,190,0,8,1887,1916,2017,30,107,0.549376,,,,,,,,,,,,,,,6.33622,3.63616,-80.16168,5.583122,3.70215,-75.28384,11.03498,0.0283056,0.5946712,1,238.6316,0.0042879,57.30224,26.1363,22.29237,23.12734,313.71857,24.037132,1402823550,SoFiA J205452.46+240213.7,64.6413642833963,6,2100+26,Gaussian,3.0,3.0,3.0,3.0,MAD,Negative,1,5,-1,1,5,-1,1,4,-1,0.40,0,0,0
J2056+2559,20:56:28,25:59:57,71.1,-12.4,0.9,0.3,6865,4,133,8,140,12,102,9.4,a,314.116666666667,25.9991666666667,361,608,160.398,119.194,1169.107,160,119.386,1169.18,158,163,116,122,1166,1172,103,7,25,0.412939,,,,,,,,,,,,,,,2.590782,1.90332,-15.06021,2.79533,1.906656,13.24232,0.7247597,0.01710588,0.108714,0,101.9376,0.004424,16.14209,6,4.252365,5.68066,314.11,25.986992,1388148350,SoFiA J205626.40+255913.2,48.8713973171442,7,2100+26,Gaussian,3.0,3.0,3.0,3.5,MAD,Negative,1,5,-1,1,5,-1,1,4,-1,0.40,0,0,0
J2057+2538,20:57:48,25:38:12,71,-12.9,2.6,0.4,4767,4,249,8,265,12,72,9.5,a,314.45,25.6366666666667,444,726,139.842,98.643,1650.55,140.405,98.559,1650.935,136,143,96,101,1645,1657,291,13,38,0.583039,,,,,,,,,,,,,,,2.977674,2.282067,72.12993,3.319179,2.249948,72.56774,1.785282,0.0203,0.1527276,0,22.53042,0.0044183,23.68672,11.9505,7.908413,11.04509,314.47485,25.641663,1397803390,SoFiA J205753.96+253830.0,82.6436771483395,7,2100+26,Gaussian,3.0,3.0,3.0,3.5,MAD,Negative,1,5,-1,1,5,-1,1,4,-1,0.40,0,0,0
