id,id_old,x_geo,y_geo,z_geo,x,y,z,x_min,x_max,y_min,y_max,z_min,z_max,n_pix,n_chan,n_los,rel,bf_a,bf_b1,bf_b2,bf_c,bf_chi2,bf_f_int,bf_f_peak,bf_flag,bf_w,bf_w20,bf_w50,bf_xe,bf_xp,bf_z,ell3s_maj,ell3s_min,ell3s_pa,ell_maj,ell_min,ell_pa,f_int,f_peak,f_wm50,flag,kin_pa,rms,snr_int,w20,w50,wm50,ra,dec,freq,name
1.0,2.0,196.662,72.912,45.529,195.589,68.762,41.844,152.0,224.0,17.0,130.0,3.0,143.0,269602.0,141.0,4116.0,1.0,34.36258,1.460307,0.01357465,0.0,9290.107,888.6687,14.02756,6.0,-0.09153027,80.36693,64.69563,0.7301537,0.02402255,0.0,40.71481,34.59039,-17.43134,36.67833,31.7814,-15.42593,878.4898,0.04165108,3.437878,4.0,298.0575,0.0054702,309.4026,85.77129,65.3497,90.11954,302.2109,25.137594,1.36555456E9,SoFiA J200850.62+250815.3
2.0,5.0,87.672,28.952,43.11,88.299,29.296,38.897,1.0,160.0,0.0,74.0,3.0,173.0,362550.0,171.0,6279.0,0.999942,55.77206,1.634597,0.01178491,0.0,28974.58,1889.181,33.26348,6.0,-0.1176892,76.3585,58.34978,0.8172986,0.02335135,0.0,86.32966,30.51886,-81.35714,80.93502,28.60904,-79.65619,1972.531,0.05150084,0.0,5.0,127.2203,0.0053419,617.3917,79.33073,62.07335,0.0,304.18408,24.487228,1.36549555E9,SoFiA J201644.18+242914.0
3.0,11.0,107.199,169.822,44.119,107.377,168.44,41.269,0.0,223.0,119.0,228.0,3.0,140.0,611536.0,138.0,10153.0,1.0,22.53157,4.371099,0.003594554,0.0,33721.29,2456.707,45.68329,6.0,-0.008316497,75.95424,52.30292,2.185549,0.02067135,0.0,117.5093,46.3421,88.96033,107.1364,42.05239,86.84291,2614.948,0.04977626,0.0,5.0,257.248,0.0059017,566.7183,80.65206,63.63884,0.0,303.83633,26.807314,1.36554304E9,SoFiA J201520.72+264826.3
4.0,18.0,45.821,124.347,20.414,45.692,124.374,20.995,41.0,52.0,120.0,128.0,10.0,29.0,602.0,20.0,68.0,0.461926,0.414852,0.0612386,0.007942493,0.0,59.09216,3.513015,0.3041928,4.0,-0.1271853,21.40654,9.347475,4.530619,9.127185,0.0,4.727873,3.048619,56.73501,4.430823,3.184584,65.87527,3.476606,0.02632233,0.1704406,0.0,241.6908,0.0065367,21.67694,18.5263,6.460273,17.9975,304.98038,26.067614,1.36513677E9,SoFiA J201955.29+260403.4
5.0,28.0,44.749,123.269,41.286,44.752,123.217,41.387,41.0,48.0,119.0,126.0,34.0,53.0,227.0,20.0,41.0,0.440593,0.1347158,0.4892123,0.02312304,0.0,111.1295,1.221038,0.2332092,4.0,-0.2606965,6.904756,4.516688,15.24461,30.2607,0.0,3.588412,1.953357,48.61248,4.277329,2.271482,43.86257,1.639873,0.02311349,0.0862955,0.0,243.9391,0.0066181,16.55598,17.83809,16.35606,17.93694,304.99762,26.04819,1.36554547E9,SoFiA J201959.43+260253.5
6.0,32.0,138.74,217.837,33.842,138.605,217.782,33.297,136.0,141.0,215.0,223.0,12.0,58.0,588.0,47.0,40.0,0.54801,0.0378219,0.02930929,0.003767358,0.0,381.5039,2.58071,0.1974263,4.0,-0.09608791,18.30294,12.02574,3.014655,6.096088,0.0,4.400716,2.405282,19.51004,3.974615,2.260755,20.36747,3.942332,0.02201,0.1288269,0.0,30.3159,0.0056819,28.61356,38.85314,10.85793,38.5751,303.2495,27.628937,1.3653833E9,SoFiA J201259.88+273744.2
7.0,41.0,44.239,231.815,23.386,44.32,231.861,23.363,38.0,50.0,226.0,238.0,16.0,34.0,389.0,19.0,70.0,0.578778,0.374794,0.1473404,0.2095381,0.0,77.10341,1.897802,0.1246169,2.0,-0.1634374,20.0,15.79985,6.57367,13.04338,0.0,7.345322,1.467299,42.76074,7.189087,2.498956,52.96695,1.763276,0.01865799,0.09577922,0.0,0.0,0.0055214,16.27572,17.43929,16.48914,17.26303,305.02597,27.85892,1.36518426E9,SoFiA J202006.23+275132.1
8.0,55.0,17.442,228.484,70.56,17.368,228.656,70.734,13.0,21.0,223.0,233.0,59.0,78.0,457.0,20.0,57.0,0.49531,0.09399115,0.02228146,Infinity,0.0,64.75754,2.18074,0.2516446,6.0,-Infinity,11.68018,7.634469,29.51114,59.15402,0.0,4.76919,2.335469,28.34861,4.28554,3.353711,20.73322,2.263287,0.01982535,0.1363596,0.0,0.0,0.0064249,16.47848,16.12362,5.458076,16.39341,305.53326,27.80015,1.36613363E9,SoFiA J202207.99+274800.5
9.0,63.0,60.643,69.071,116.071,60.707,68.93,115.857,60.0,62.0,68.0,70.0,115.0,117.0,14.0,3.0,7.0,0.645845,0.2483768,0.03212144,0.09614913,0.0,1.055385,0.1550797,0.06209421,1.0,-0.3115311,2.0,2.0,57.51606,115.3115,0.0,1.42168,0.8917138,1.431203,1.512974,0.9431696,7.070489,0.16125,0.02374327,0.07256251,0.0,0.0,0.0050215,8.582282,2.0,2.0,1.976685,304.69443,25.1456,1.36703795E9,SoFiA J201846.66+250844.2
10.0,64.0,15.812,70.0,81.875,16.005,70.042,81.354,15.0,17.0,69.0,71.0,81.0,83.0,16.0,3.0,8.0,0.607801,0.2545652,0.08877108,0.1913093,0.0,1.313449E-14,0.1439165,0.0636413,1.0,-0.4016983,2.0,1.854363,40.04439,80.4017,0.0,,,,1.490435,1.31912,35.09267,0.08027522,0.01222174,0.03757768,0.0,0.0,0.0051716,4.305115,1.8,1.5,1.637789,305.51785,25.156286,1.3663465E9,SoFiA J202204.28+250922.6
11.0,67.0,181.773,188.318,88.455,181.808,188.35,88.416,180.0,183.0,187.0,190.0,87.0,90.0,22.0,4.0,10.0,0.495679,0.14217,0.05667179,0.05742759,0.0,6.510757E-14,0.3141936,0.1662448,3.0,-0.7950741,2.0,1.380984,43.52834,87.79507,0.0,1.077433,0.4218782,-9.826912,1.8363,1.353627,-41.00012,0.3141935,0.02581264,0.1413871,0.0,0.0,0.0081799,8.588868,2.0,1.380984,1.542684,302.44254,27.133272,1.36648806E9,SoFiA J200946.21+270759.8
12.0,76.0,16.616,196.25,117.914,16.764,196.144,117.978,7.0,27.0,190.0,200.0,114.0,121.0,432.0,8.0,110.0,0.433776,0.2554658,0.06733091,0.004214507,0.0,20.63495,3.068444,0.6801072,3.0,-0.2666627,6.158152,4.310777,56.53367,113.2667,0.0,12.60747,2.814883,65.71083,10.81945,2.955495,64.83929,3.0544,0.02185821,0.4314416,0.0,241.1819,0.0054922,26.75692,6.548765,4.804402,5.788929,305.53583,27.258099,1.36708045E9,SoFiA J202208.60+271529.2
13.0,77.0,144.125,142.75,120.75,144.155,142.979,120.546,143.0,145.0,142.0,144.0,120.0,122.0,16.0,3.0,8.0,0.605611,-99.0,99.0,99.0,99.0,-99.0,0.0,-0.0,3.0,0.0,2.0,2.0,59.5,20.0,0.0,1.966508,0.6673426,-43.42944,1.918221,1.027094,-49.16614,0.08519819,0.0160364,0.04058445,0.0,315.0,0.0030897,7.369589,1.757413,1.393533,1.47293,303.15176,26.381746,1.36713203E9,SoFiA J201236.42+262254.3
14.0,83.0,50.037,247.296,119.185,50.15,247.294,119.176,49.0,51.0,246.0,249.0,118.0,121.0,27.0,4.0,11.0,0.541961,0.291576,0.07515209,0.05541811,0.0,6.174185E-14,0.3486632,0.1416396,3.0,-0.8642424,2.0,2.0,59.03758,118.8642,0.0,2.495539,0.07404141,0.05052533,2.031673,1.293236,-11.23542,0.3486633,0.02473725,0.1568985,0.0,0.0,0.0076702,8.914852,2.0,2.0,1.919191,304.91885,28.117144,1.36710451E9,SoFiA J201940.52+280701.7
15.0,89.0,17.864,207.364,127.318,17.785,207.516,127.146,17.0,19.0,206.0,209.0,126.0,129.0,22.0,4.0,9.0,0.526284,0.1972499,0.04487869,0.03466789,0.0,7.359946E-11,0.2918668,0.1506212,3.0,-0.9565203,2.0,1.743377,63.02244,126.9565,0.0,1.731056,1.291262,-24.3065,1.570169,1.427554,-13.38067,0.2918667,0.02405149,0.13134,0.0,23.22746,0.0056098,11.63374,2.0,1.743377,1.838538,305.5197,27.44787,1.36726426E9,SoFiA J202204.73+272652.3
16.0,95.0,55.077,193.738,160.431,55.496,193.001,160.256,46.0,63.0,190.0,198.0,158.0,162.0,130.0,5.0,62.0,0.514487,0.1135476,0.04715663,0.02545853,0.0,1.500746,0.7282927,0.3522944,3.0,-0.611428,3.237859,1.88995,79.02358,158.6114,0.0,12.7935,3.260586,81.35527,11.55428,4.117491,77.25767,0.7183472,0.02609679,0.1699226,0.0,255.3066,0.0060537,10.4073,3.018056,1.886826,2.726221,304.809,27.212843,1.36792781E9,SoFiA J201914.16+271246.2
17.0,106.0,198.825,245.825,160.956,198.556,246.006,161.045,194.0,204.0,242.0,250.0,156.0,166.0,589.0,11.0,75.0,0.631174,0.2874365,0.2512449,0.005883802,0.0,54.03134,7.836955,1.129565,4.0,-0.1660681,9.833479,6.765893,77.12562,154.1661,0.0,5.226471,3.476736,63.55739,4.498878,3.274461,56.5794,7.693256,0.0491546,0.9681874,0.0,17.95649,0.0063725,49.74424,9.695563,7.016294,7.469289,302.11453,28.091177,1.36794355E9,SoFiA J200827.49+280528.2
18.0,117.0,107.588,285.412,164.706,108.011,285.687,164.33,106.0,110.0,284.0,286.0,164.0,166.0,17.0,3.0,10.0,0.598408,0.3151122,0.09901986,0.1700335,0.0,9.699923E-15,0.1662434,0.07877805,1.0,-0.4616194,2.0,1.632202,81.54951,163.4616,0.0,3.058824,2.980232E-8,-67.38014,2.794876,0.9449637,-76.32783,0.08746539,0.02023945,0.04084396,0.0,0.0,0.0046088,4.744454,1.8,1.415516,1.660543,303.82584,28.762077,1.36800947E9,SoFiA J201518.20+284543.5
19.0,121.0,31.043,272.957,160.652,31.168,273.066,160.401,30.0,32.0,272.0,274.0,159.0,162.0,23.0,4.0,9.0,0.578185,0.1147537,0.03147416,0.04236537,0.0,2.001307E-12,0.2639609,0.134413,3.0,-0.8185594,2.0,1.466294,79.51574,159.8186,0.0,1.736411,1.0,-40.03026,1.642986,1.427972,-48.75648,0.2639607,0.02741587,0.1187823,0.0,15.37692,0.0055639,10.88387,2.0,1.466295,1.574583,305.28378,28.543566,1.36793075E9,SoFiA J202108.11+283236.8
20.0,122.0,34.609,76.087,161.261,34.995,76.092,160.924,33.0,36.0,75.0,77.0,160.0,163.0,23.0,4.0,10.0,0.497189,0.2467174,0.04015743,0.1379655,0.0,0.4947733,0.1520288,0.06167936,1.0,-0.3240483,2.0,2.0,80.02008,160.324,0.0,1.581398,1.387267,64.63809,1.699904,1.215671,61.20309,0.1534156,0.01580217,0.06903702,0.0,0.0,0.0049779,6.570759,2.0,2.0,1.943078,305.16928,25.26105,1.36794125E9,SoFiA J202040.62+251539.8
21.0,125.0,156.289,98.189,194.824,156.053,98.118,196.026,154.0,161.0,95.0,100.0,181.0,211.0,318.0,31.0,33.0,0.577403,0.1557641,0.02200364,0.002096258,0.0,126.5565,1.745879,0.06397489,3.0,-0.05153147,36.0,36.0,88.011,176.0515,0.0,3.005957,2.670008,66.53094,3.51899,2.427725,58.88106,1.834395,0.01915716,0.06350484,0.0,288.8854,0.0048301,21.29717,28.5324,26.64304,28.36817,302.9356,25.632952,1.36864474E9,SoFiA J201144.55+253758.6
22.0,128.0,144.508,280.343,185.331,145.246,280.397,185.646,137.0,154.0,275.0,285.0,182.0,188.0,504.0,7.0,127.0,0.44582,0.3541779,0.06546297,0.01801084,0.0,4.860707,3.273812,1.072839,4.0,-0.4214989,4.335626,2.839389,91.03273,182.4215,0.0,12.5015,3.209914,-80.64103,10.74884,3.746768,-79.19887,3.33156,0.03013164,0.6702321,0.0,283.9127,0.00552,26.88402,4.503759,2.957354,3.658006,303.11844,28.67251,1.36843674E9,SoFiA J201228.43+284021.0
23.0,131.0,188.695,65.473,241.577,188.589,65.589,241.822,186.0,191.0,62.0,68.0,229.0,264.0,423.0,36.0,35.0,0.493741,5.811986E-6,0.01399899,0.3288673,0.0,308.9198,2.949667,0.2453045,4.0,-0.1019312,17.18218,11.36389,110.007,220.1019,0.0,3.072989,3.005264,76.11537,2.87552,2.576855,-20.75824,3.49163,0.02241125,0.1772474,0.0,16.85013,0.0052681,32.34058,24.84098,8.089824,23.72479,302.34042,25.086048,1.3695625E9,SoFiA J200921.70+250509.8
24.0,132.0,156.731,98.759,237.926,156.659,98.762,237.989,155.0,158.0,97.0,100.0,233.0,244.0,108.0,12.0,14.0,0.49699,0.1401787,0.04845693,0.008755247,0.0,8.011707,0.6606041,0.08100784,3.0,-0.1754215,12.0,7.358582,115.5242,231.1754,0.0,2.276508,1.903075,24.05412,2.081967,1.985647,-57.84424,0.5978716,0.01297897,0.05223569,0.0,0.0,0.0047278,12.28278,10.61551,9.101091,10.38936,302.92432,25.643623,1.3694857E9,SoFiA J201141.84+253837.0
25.0,143.0,210.0,284.708,293.208,210.059,284.406,292.847,208.0,212.0,283.0,286.0,292.0,295.0,24.0,4.0,14.0,0.408503,0.2594058,0.0643373,3339.732,0.0,0.4647093,0.124864,0.06485144,4.0,-1.038509,2.0,2.0,146.0322,293.0385,0.0,,,,2.651707,1.515536,-53.56421,0.1237866,0.01245743,0.05570398,0.0,0.0,0.0056867,4.640925,2.0,2.0,2.0,301.88593,28.728895,1.37058509E9,SoFiA J200732.62+284344.0
26.0,147.0,129.409,286.0,272.136,129.319,286.048,272.085,128.0,131.0,285.0,287.0,271.0,273.0,22.0,3.0,11.0,0.574793,0.2221972,0.0410659,0.02979991,0.0,1.462381E-10,0.3353275,0.1957837,3.0,-1.016463,2.0,1.573741,135.5205,272.0165,0.0,1.829381,1.383364,50.2337,1.825976,1.435697,-82.78396,0.3353272,0.02350331,0.1508972,0.0,287.6143,0.0051332,13.92727,2.0,1.573737,1.8581,303.42072,28.767765,1.37016896E9,SoFiA J201340.97+284604.0
27.0,148.0,97.032,287.097,320.226,97.348,287.305,320.04,95.0,99.0,286.0,288.0,319.0,322.0,31.0,4.0,12.0,0.432269,0.4553473,0.03982905,0.0,0.0,0.3187273,0.3415105,0.1138368,1.0,0.0,2.0,2.0,159.5199,319.0,0.0,2.16481,1.357829,72.45686,2.261699,1.452585,80.81949,0.3437343,0.02864497,0.1546804,0.0,225.1266,0.0056869,11.22402,2.0,2.0,2.0,304.02866,28.78883,1.37113011E9,SoFiA J201606.88+284719.8
28.0,150.0,155.0,286.643,273.357,155.187,286.666,273.296,154.0,156.0,286.0,288.0,272.0,274.0,14.0,3.0,7.0,0.646777,0.06579067,0.03899539,0.06444745,0.0,2.255548E-11,0.2086529,0.1140037,3.0,-0.947016,1.934878,1.584299,136.0195,272.947,0.0,2.123724,0.0,-70.34618,1.557566,1.28022,88.76657,0.2086531,0.02325593,0.09389389,0.0,0.0,0.0097488,5.720151,1.934878,1.584299,1.687366,302.92877,28.776138,1.37019328E9,SoFiA J201142.90+284634.1
29.0,151.0,28.2,221.073,338.527,28.15,221.22,337.936,27.0,30.0,220.0,223.0,329.0,350.0,110.0,22.0,14.0,0.556692,0.0807444,0.019574,0.03993677,0.0,33.65645,-657062.2,0.0201861,4.0,-0.06282657,2.107119,2.049971,163.0098,326.0628,0.0,2.421183,0.7809856,-55.29997,2.108002,1.357124,-50.04123,0.2980318,0.01702517,0.01246903,0.0,0.0,0.0065576,4.333323,21.51819,12.98664,21.79565,305.32828,27.678541,1.37148877E9,SoFiA J202118.79+274042.7
30.0,153.0,116.726,107.34,364.142,116.902,107.345,363.953,114.0,119.0,106.0,109.0,353.0,370.0,106.0,18.0,21.0,0.452583,0.07136459,0.01805112,0.01252839,0.0,57.07888,0.6910708,0.08996112,4.0,-0.1818487,10.11286,6.464107,177.009,354.1818,0.0,3.407923,2.102927,-78.50485,3.234265,2.115905,-80.72293,0.7355412,0.01777834,0.05926538,0.0,305.4331,0.00461,15.57074,12.12369,4.487847,11.96475,303.65927,25.789045,1.37201024E9,SoFiA J201438.22+254720.6
31.0,154.0,210.815,95.963,357.222,211.178,96.133,356.908,209.0,212.0,95.0,97.0,356.0,359.0,27.0,4.0,10.0,0.489279,0.1588243,0.04872129,0.2568825,0.0,0.1798627,0.08633538,0.03970607,1.0,-0.4357737,2.0,1.718929,178.0244,356.4358,0.0,2.639256,0.8981208,-62.11756,2.262778,1.368225,-76.52667,0.08708908,0.01467131,0.03919009,0.0,0.0,0.0053569,3.188332,2.0,1.738138,1.706824,301.91693,25.590427,1.37186906E9,SoFiA J200740.07+253525.5
32.0,155.0,157.714,97.476,364.381,157.922,97.25,364.63,156.0,159.0,96.0,99.0,362.0,367.0,21.0,6.0,9.0,0.444724,2.862059E-6,0.02450189,0.05129484,0.0,5.556286,0.06828664,0.02087884,3.0,-0.3780826,4.642631,3.116263,180.5123,361.3781,0.0,,,,1.897177,1.026334,38.48528,0.06393423,0.009167567,0.01298257,0.0,0.0,0.0053272,2.618947,4.089511,3.351966,3.94595,302.90115,25.618286,1.37202381E9,SoFiA J201136.28+253705.8
33.0,156.0,157.133,98.31,403.04,156.905,98.232,401.451,154.0,160.0,95.0,101.0,384.0,437.0,577.0,54.0,40.0,0.562744,0.003551538,0.0,0.005889069,0.0,359.778,1.774229,0.1425287,4.0,-0.09849805,17.75741,11.73553,186.0,372.0985,0.0,3.587271,2.863925,-82.21818,2.913485,2.6607,-64.30286,2.734869,0.02057203,0.06396806,0.0,308.8537,0.0049767,23.18076,48.28111,10.97317,49.30727,302.91983,25.63477,1.37276173E9,SoFiA J201140.76+253805.2
34.0,157.0,156.122,98.017,460.806,156.045,97.87,459.964,154.0,159.0,95.0,101.0,453.0,471.0,180.0,19.0,27.0,0.516974,0.469337,0.05119874,0.01174448,0.0,58.58051,1.292515,0.1173343,4.0,-0.10554,20.0,7.240943,225.0256,450.1055,0.0,2.906975,2.45583,45.30845,2.80828,2.674967,-4.684661,1.099462,0.01794989,0.0414984,0.0,359.2386,0.0047185,17.46493,17.59491,11.39348,17.67288,302.9358,25.628815,1.37393434E9,SoFiA J201144.59+253743.7
35.0,158.0,188.309,65.985,468.253,188.345,65.98,468.333,185.0,191.0,63.0,69.0,457.0,475.0,324.0,19.0,37.0,0.442584,0.0129821,0.02164325,0.01416172,0.0,103.716,2.54642,0.257874,4.0,-0.1167087,14.29417,9.468615,229.0108,458.1167,0.0,3.507871,2.925158,-42.83478,3.369396,2.631707,-59.88284,2.542421,0.02333241,0.2255137,0.0,184.077,0.0051735,27.34422,12.2663,9.300833,10.67801,302.34485,25.092607,1.37410214E9,SoFiA J200922.76+250533.4
36.0,159.0,157.161,97.649,491.577,157.271,97.574,491.561,152.0,162.0,94.0,101.0,477.0,516.0,979.0,40.0,71.0,0.438652,1.546813E-5,0.03210277,0.3453395,0.0,540.6403,4.179222,0.1735125,6.0,-0.0907588,35.41482,23.69772,234.0161,468.0468,0.0,4.405015,3.632825,88.32699,3.967833,3.162953,-82.40751,5.837098,0.02343197,0.2284877,0.0,338.1095,0.0049588,37.99132,36.33784,19.84377,36.02068,302.91315,25.623766,1.37456768E9,SoFiA J201139.16+253725.6
37.0,162.0,188.246,66.212,522.073,188.313,66.213,521.355,186.0,191.0,64.0,69.0,499.0,545.0,358.0,47.0,29.0,0.562675,0.08548833,0.03241571,0.004700846,0.0,487.435,1.635083,0.1224017,4.0,-0.1019695,17.74249,11.46173,247.5162,495.102,0.0,2.82601,2.519175,-20.46418,2.544625,2.348679,57.1887,2.917501,0.02190693,0.06007097,0.0,152.0589,0.0054018,28.54521,43.16153,32.56802,43.73263,302.34537,25.096493,1.3751648E9,SoFiA J200922.89+250547.4
38.0,163.0,8.234,283.531,515.852,8.232,283.803,516.057,4.0,12.0,279.0,287.0,504.0,526.0,499.0,23.0,57.0,0.409119,0.1603822,0.01744,0.0,0.0,606.9159,2.717145,0.2996432,6.0,-9.0E30,25.42769,5.85617,251.0087,502.0602,0.0,4.7556,2.753788,-53.53547,4.003275,2.83953,-47.23256,4.169101,0.03415447,0.1764789,0.0,155.4367,0.0060828,30.68228,22.3004,21.13291,22.32625,305.7224,28.71742,1.37505856E9,SoFiA J202253.38+284302.7
39.0,164.0,30.448,275.954,516.686,30.477,276.258,516.484,28.0,34.0,270.0,282.0,508.0,523.0,239.0,16.0,56.0,0.533368,1.991005E-6,0.009438193,0.01066968,0.0,62.17889,1.250735,0.106831,4.0,-0.08631496,15.74133,12.35449,253.5047,507.0863,0.0,7.39846,1.884512,-0.8008409,6.893748,2.424928,11.30677,1.276043,0.0191819,0.0885313,0.0,10.96414,0.005636,14.6452,13.63289,10.73761,13.38244,305.29767,28.596664,1.37506714E9,SoFiA J202111.44+283548.0
40.0,165.0,206.483,284.898,519.813,205.374,285.252,520.393,181.0,221.0,280.0,289.0,505.0,527.0,1088.0,23.0,190.0,0.470737,0.4227478,0.05606103,0.06263432,0.0,382.1886,6.040814,0.5730204,6.0,-0.05892539,14.0161,9.088668,253.028,506.1284,0.0,25.28879,4.119602,87.68284,26.1805,4.00636,86.31215,6.644734,0.05039109,0.2634906,0.0,86.26985,0.0049808,40.48197,9.378869,7.476768,20.07216,301.97476,28.744108,1.37514547E9,SoFiA J200753.94+284438.8
41.0,167.0,56.591,285.818,524.682,56.624,285.552,524.526,55.0,58.0,285.0,287.0,523.0,526.0,22.0,4.0,11.0,0.52081,0.0140564,0.02253003,0.06491081,0.0,6.364514E-12,0.1006621,0.05706213,3.0,-0.8223903,1.784032,1.315948,261.5113,523.8224,0.0,1.652227,0.9903988,-9.945291,1.73709,1.475717,-56.86069,0.1006621,0.01451282,0.04625863,0.0,0.0,0.0039828,5.957212,1.784032,1.315948,1.463651,304.80283,28.756071,1.37522842E9,SoFiA J201912.68+284521.9
42.0,168.0,144.986,285.248,522.466,145.667,285.298,522.635,133.0,161.0,282.0,288.0,518.0,526.0,648.0,9.0,137.0,0.457055,0.1165883,0.03450007,0.01018955,0.0,35.10958,4.023874,0.823123,4.0,-0.2345465,6.626595,4.805002,259.0173,518.2345,0.0,11.29999,3.344097,-89.25137,12.14115,3.077126,89.67252,4.097035,0.04399402,0.5562778,4.0,94.5856,0.0050634,31.78659,6.765811,4.590176,6.094924,303.10995,28.754229,1.37519053E9,SoFiA J201226.39+284515.2
43.0,169.0,157.135,98.345,534.419,156.879,98.394,535.097,155.0,160.0,96.0,101.0,520.0,541.0,229.0,22.0,29.0,0.500638,0.02375445,0.01036772,0.009247089,0.0,44.0781,1.646748,0.1541341,4.0,-0.1137648,15.27432,10.05325,261.0052,522.1138,0.0,3.255204,2.2047,-44.05846,3.03305,2.367419,-55.56333,1.520908,0.020845,0.1242726,0.0,304.3815,0.005183,19.47646,12.06199,10.45253,11.37997,302.9203,25.63747,1.37544026E9,SoFiA J201140.87+253814.9
44.0,172.0,188.944,65.636,561.243,189.013,65.463,560.854,187.0,191.0,64.0,68.0,549.0,570.0,107.0,22.0,19.0,0.479828,0.05696148,0.01159988,0.0,0.0,102.2722,0.6084573,0.05519908,6.0,-9.0E30,20.75888,8.6492,274.5058,549.1373,0.0,2.317858,1.265473,-25.19169,2.611668,1.689384,-32.97634,0.8494644,0.02218242,0.04836998,0.0,298.578,0.0056635,14.5001,16.72258,4.627214,16.97607,302.33264,25.08386,1.37595635E9,SoFiA J200919.84+250501.9
45.0,173.0,114.469,150.752,575.655,114.463,150.752,575.337,111.0,118.0,146.0,156.0,554.0,597.0,1133.0,44.0,71.0,0.431703,0.09338263,0.01882222,5.065758E-4,0.0,309.6378,7.557292,0.3328573,3.0,-0.05357403,32.2343,21.1312,275.0094,550.0536,0.0,4.570899,3.479857,11.01369,3.950317,2.955388,0.2737436,8.244464,0.02671255,0.2395724,0.0,183.3818,0.0052401,46.74165,38.28682,9.24715,37.7918,303.70413,26.512531,1.37624666E9,SoFiA J201448.99+263045.1
46.0,175.0,157.84,97.116,573.676,157.727,96.98,573.842,155.0,161.0,95.0,99.0,564.0,587.0,225.0,24.0,28.0,0.570725,1.854032E-6,0.01138885,0.008353828,0.0,102.9019,0.7870609,0.05085451,4.0,-0.06878886,23.02379,15.49225,280.0057,560.0688,0.0,4.777774,2.284396,72.42933,3.804678,2.152059,70.14243,1.08796,0.01890911,0.05125474,0.0,251.9004,0.0052599,13.82023,19.12529,13.09026,19.69257,302.9048,25.6138,1.3762167E9,SoFiA J201137.15+253649.7
47.0,178.0,156.392,98.376,596.519,156.025,98.375,596.442,153.0,160.0,96.0,101.0,590.0,604.0,237.0,15.0,41.0,0.442381,1.637261E-7,6.371507E-4,0.009423011,0.0,50.0826,1.403004,0.2222005,4.0,-0.1888737,9.060224,6.006373,294.0003,588.1889,0.0,4.556198,2.675104,-62.47402,4.058903,2.722861,-72.26545,1.424576,0.0212122,0.1509603,0.0,131.9281,0.0050157,18.44915,8.638077,2.711086,8.367108,302.9361,25.637238,1.3766697E9,SoFiA J201144.66+253814.1
48.0,181.0,187.751,65.846,665.882,187.932,65.833,664.652,184.0,191.0,64.0,68.0,660.0,678.0,169.0,19.0,33.0,0.405821,2.70617E-5,0.1280543,0.0,0.0,138.0499,0.7750875,0.14538,4.0,-0.2303932,7.720906,5.047268,327.564,655.2304,0.0,3.119452,2.289693,86.05814,3.320909,2.310683,81.78574,1.083321,0.02232388,0.06538533,0.0,317.5435,0.0052137,16.47846,5.153126,4.080458,14.72853,302.35245,25.090225,1.37803674E9,SoFiA J200924.59+250524.8
49.0,186.0,75.134,161.739,695.668,75.229,161.865,695.466,73.0,78.0,156.0,173.0,689.0,704.0,494.0,16.0,78.0,0.447204,0.1757404,0.1793407,0.00833426,0.0,49.23209,3.581985,0.3679931,4.0,-0.1239452,14.12479,9.141056,343.0897,686.1239,0.0,9.26029,2.343071,2.381879,8.225529,2.444758,2.450868,3.433032,0.02321784,0.3370365,0.0,186.0233,0.0056454,27.36019,14.207,6.194252,8.487388,304.43597,26.696114,1.37865434E9,SoFiA J201744.64+264146.0
50.0,196.0,54.965,145.37,737.531,54.925,145.284,737.18,48.0,58.0,142.0,149.0,730.0,746.0,341.0,17.0,56.0,0.470194,0.3089448,0.05280371,0.175494,0.0,222.8145,2.059881,0.1301221,2.0,-0.2662962,18.0,18.0,364.0264,728.0235,0.0,5.185367,2.78472,-69.48105,4.664818,2.983837,-67.52015,2.569913,0.02198178,0.15997,0.0,138.8407,0.0057489,24.20779,15.39439,13.12519,15.21379,304.81223,26.41747,1.3794903E9,SoFiA J201914.93+262502.9
51.0,198.0,205.222,22.012,742.274,205.28,21.851,742.17,203.0,208.0,13.0,28.0,733.0,749.0,248.0,17.0,48.0,0.477191,0.2301984,0.02524192,0.0,0.0,45.76575,1.795841,0.2003467,6.0,-9.0E30,16.64644,6.94627,366.5126,733.1714,0.0,9.198196,2.282023,-9.406587,9.037933,2.143881,-9.445739,1.81029,0.01968712,0.127337,0.0,347.8909,0.0053746,21.38834,15.81116,12.29972,14.77164,302.04324,24.353432,1.37959027E9,SoFiA J200810.38+242112.4
52.0,200.0,74.0,172.136,734.409,73.804,172.442,734.392,73.0,75.0,171.0,173.0,733.0,736.0,22.0,4.0,9.0,0.510458,1.700902E-6,0.02608338,0.1068551,0.0,3.455931,0.07547868,0.04859846,3.0,-0.9888639,1.800007,1.500004,366.513,733.9889,0.0,,,,1.913245,1.368456,-60.50728,0.05767157,0.01170346,0.03074829,0.0,0.0,0.0055465,2.325013,1.585128,1.365705,1.500189,304.46368,26.872276,1.37943437E9,SoFiA J201751.28+265220.2
53.0,201.0,74.849,160.869,749.114,74.886,160.831,748.996,71.0,81.0,158.0,165.0,734.0,759.0,701.0,26.0,62.0,0.444358,0.117148,0.01463852,0.0,0.0,136.3633,4.635199,0.2687208,6.0,-8.999403E30,28.35975,16.29618,367.0073,734.0718,0.0,5.458843,2.420184,48.90773,4.69377,2.613686,50.21063,4.474016,0.02421037,0.2387339,0.0,61.04203,0.0054921,30.76791,22.90612,14.31366,17.65234,304.4423,26.678848,1.3797271E9,SoFiA J201746.15+264043.9
54.0,215.0,1.667,166.0,745.167,1.593,166.02,745.272,1.0,3.0,165.0,167.0,743.0,747.0,24.0,5.0,7.0,0.517196,0.07145817,0.0250801,0.04956242,0.0,0.4089169,0.2918041,0.1003512,4.0,-0.4259055,3.928796,2.736349,371.5125,743.4259,0.0,1.511858,1.402945,0.0,1.422474,1.198758,28.97719,0.2907056,0.02320853,0.06540876,0.0,230.852,0.0044476,13.342,3.906893,2.624529,3.494827,305.81113,26.752274,1.37965248E9,SoFiA J202314.67+264508.2
55.0,221.0,54.929,145.143,753.5,55.189,145.391,752.899,54.0,56.0,144.0,146.0,752.0,755.0,14.0,4.0,8.0,0.574303,0.04618355,0.02709106,129.8703,0.0,7.368381E-4,0.05264636,0.04108967,3.0,-1.862049,1.80021,1.195534,376.0135,753.862,0.0,,,,1.689425,1.32126,-35.00543,0.05219469,0.01154577,0.02438318,0.0,0.0,0.0067728,2.137414,1.791504,1.190088,1.673967,304.8073,26.419294,1.37980531E9,SoFiA J201913.76+262509.5
56.0,231.0,187.975,128.395,799.235,188.158,128.364,799.268,186.0,190.0,124.0,134.0,785.0,807.0,162.0,23.0,34.0,0.448863,0.05420611,0.004527145,0.0,0.0,118.8827,0.718231,0.02710306,2.0,-9.0E30,26.0,26.0,393.0023,786.0,0.0,5.818448,1.869263,-5.62585,5.258769,1.950099,-6.585049,0.9568944,0.01836073,0.04868232,0.0,171.3046,0.0050147,15.08543,18.67168,3.128604,19.2476,302.33603,26.13243,1.38073459E9,SoFiA J200920.65+260756.7
57.0,273.0,182.154,13.038,796.269,182.186,12.997,796.26,181.0,183.0,11.0,15.0,795.0,797.0,26.0,3.0,13.0,0.480279,0.2205012,0.05400275,0.05694763,0.0,1.686147E-13,0.3102448,0.135731,3.0,-0.8333488,2.0,1.80175,397.527,795.8333,0.0,1.176613,0.9327481,32.40528,2.270281,1.36597,23.33694,0.310245,0.01957342,0.1396103,0.0,0.0,0.0067503,9.013474,2.0,1.801748,1.771567,302.46732,24.210253,1.3806743E9,SoFiA J200952.16+241236.9
58.0,279.0,177.299,96.311,806.655,177.3,96.393,806.542,174.0,181.0,91.0,101.0,799.0,814.0,328.0,16.0,57.0,0.417808,0.3969741,0.05330564,0.007969475,0.0,44.01812,2.657313,0.3179504,4.0,-0.1771257,15.57274,6.69266,398.5267,797.1771,0.0,4.362706,1.754011,15.99639,4.782948,2.335511,22.5905,2.541833,0.02738276,0.2539259,0.0,208.4869,0.0058869,23.84078,11.91999,5.694959,9.475573,302.5431,25.601416,1.38088038E9,SoFiA J201010.34+253605.1
59.0,280.0,44.706,146.588,800.882,44.667,146.741,800.666,44.0,46.0,145.0,148.0,800.0,802.0,17.0,3.0,9.0,0.584159,-99.0,99.0,99.0,99.0,-99.0,0.0,-0.0,4.0,0.0,2.0,2.0,399.5,700.0,0.0,,,,2.191873,0.9843453,24.53624,0.1087924,0.01349506,0.05295606,0.0,0.0,0.0067844,4.285736,1.595803,0.9897227,1.264749,305.00342,26.440228,1.38076275E9,SoFiA J202000.82+262624.8
60.0,300.0,22.093,249.285,854.927,21.516,248.767,854.595,16.0,28.0,242.0,264.0,844.0,859.0,601.0,16.0,142.0,0.430275,0.2441304,0.05673973,0.1639584,0.0,128.3046,4.33093,0.660861,6.0,-0.1010911,9.040245,5.881731,422.5284,845.1986,0.0,10.88816,4.138827,-34.35646,10.72705,4.826562,-32.00681,4.631514,0.04856395,0.0,4.0,346.0635,0.0063658,29.70245,7.529863,5.652655,0.0,305.46042,28.136366,1.38184346E9,SoFiA J202150.50+280810.9
61.0,308.0,146.81,78.714,848.143,146.796,78.788,847.985,146.0,148.0,77.0,80.0,846.0,851.0,21.0,6.0,10.0,0.538491,5.375229E-4,0.05220508,0.02884769,0.0,8.002932,0.2448493,0.09425057,3.0,-0.5273236,3.501643,2.386303,422.5261,845.5273,0.0,1.890478,0.2015112,-9.90359,2.059876,1.198447,15.69808,0.2729495,0.01805042,0.04744513,0.0,0.0,0.0074391,8.006654,4.931326,2.102647,4.903572,303.10846,25.31162,1.38171098E9,SoFiA J201226.03+251841.8
62.0,315.0,148.371,67.095,852.267,148.702,66.595,852.002,144.0,151.0,62.0,74.0,848.0,856.0,232.0,9.0,56.0,0.400249,0.4192745,0.06824789,0.0,0.0,17.83479,1.450627,0.2058087,4.0,-0.1428307,8.0,8.0,424.0341,848.1428,0.0,5.717913,2.242998,29.53768,5.500405,2.783888,25.19739,1.501128,0.02779028,0.1688769,0.0,16.06363,0.0057135,17.2492,8.0,7.15712,7.935343,303.07446,25.108192,1.38179149E9,SoFiA J201217.87+250629.5
63.0,318.0,156.262,97.263,871.05,156.067,97.058,870.687,155.0,158.0,96.0,99.0,865.0,878.0,80.0,14.0,12.0,0.526076,1.981369E-4,0.03965388,0.02699637,0.0,23.33796,0.3924358,0.05410334,4.0,-0.1534593,10.52562,7.010253,432.0198,864.1535,0.0,1.620595,1.204126,-56.90707,1.677119,1.505203,67.86407,0.4012973,0.01774011,0.03322758,0.0,0.0,0.0056264,7.974221,9.135851,4.313275,9.246213,302.9355,25.61529,1.38216602E9,SoFiA J201144.51+253655.0
64.0,344.0,150.009,83.929,883.357,150.483,84.377,883.77,146.0,155.0,80.0,87.0,880.0,887.0,112.0,8.0,35.0,0.487531,7.279913E-7,0.005066824,0.01090212,0.0,9.152065,0.571713,0.137636,3.0,-0.2866121,5.950944,4.025415,439.5025,879.2866,0.0,6.495602,0.6176196,-58.59462,6.264601,1.721436,-53.51365,0.5753734,0.01819086,0.08961035,0.0,0.0,0.005608,9.694686,5.685228,2.618826,5.332585,303.03992,25.404465,1.38242816E9,SoFiA J201209.58+252416.1
65.0,349.0,44.534,22.492,891.323,44.231,22.374,891.188,40.0,49.0,18.0,27.0,884.0,901.0,626.0,18.0,68.0,0.432873,1.920196E-5,0.04532321,0.4743177,0.0,65.29265,3.922695,0.3143403,6.0,-0.2136239,18.55652,12.55965,440.5227,881.079,0.0,5.588187,2.706741,-57.95972,5.037438,2.800979,-54.77837,3.837788,0.02199886,0.242919,0.0,301.7959,0.0051506,29.78056,16.88413,14.12015,15.99391,304.99002,24.367033,1.3825769E9,SoFiA J201957.61+242201.3
66.0,351.0,92.083,136.583,888.417,92.135,136.659,888.403,91.0,93.0,135.0,138.0,886.0,892.0,24.0,7.0,10.0,0.438046,0.01687563,0.02084204,0.01932899,0.0,3.278282,0.1597859,0.0511779,3.0,-0.402752,4.540317,2.899186,442.5104,885.4028,0.0,1.251848,0.6988783,-50.94433,1.749102,1.304308,-8.554064,0.1560083,0.01138991,0.02960131,0.0,0.0,0.0040677,7.997219,4.343696,2.895926,3.913742,304.11923,26.277182,1.38252109E9,SoFiA J201628.62+261637.9
67.0,356.0,22.74,244.287,934.115,22.411,243.783,933.944,15.0,29.0,235.0,257.0,926.0,943.0,776.0,18.0,139.0,0.435635,2.516166E-5,0.04688225,0.003915626,0.0,120.5694,4.590847,0.476875,4.0,-0.1182584,13.85735,9.229382,462.0234,924.1183,0.0,15.15559,4.762457,-22.25581,15.03841,4.859496,-21.42562,4.847116,0.0330345,0.3580445,0.0,177.4359,0.0054843,31.7274,14.76522,12.08918,13.44125,305.44217,28.053469,1.38343386E9,SoFiA J202146.12+280312.5
68.0,357.0,72.714,165.714,934.643,72.588,165.864,934.595,72.0,74.0,164.0,167.0,934.0,936.0,14.0,3.0,8.0,0.616838,-99.0,99.0,99.0,99.0,-99.0,0.0,-0.0,6.0,0.0,2.0,2.0,466.5,834.0,0.0,2.020305,0.0,-45.0,1.661391,1.12662,-8.384423,0.09459999,0.01317115,0.04537074,0.0,0.0,0.0043807,6.233909,1.706158,1.265394,1.407875,304.4857,26.762526,1.38344678E9,SoFiA J201756.57+264545.1
69.0,361.0,116.962,105.286,959.324,116.804,105.499,959.342,116.0,118.0,103.0,107.0,951.0,967.0,105.0,17.0,13.0,0.56665,0.02744063,0.05223298,3.626392,0.0,73.76064,0.612505,0.04099082,6.0,-0.3783417,17.8151,16.17229,475.0261,950.053,0.0,1.916529,1.356542,46.96362,2.110875,1.477932,20.90509,0.6726489,0.01817385,0.04057378,0.0,231.6884,0.0045802,14.33215,15.7003,12.10107,15.6827,303.6611,25.758276,1.38394278E9,SoFiA J201438.66+254529.8
70.0,362.0,157.136,98.727,960.455,157.217,98.569,960.288,156.0,158.0,98.0,100.0,958.0,963.0,22.0,6.0,8.0,0.435976,0.03502765,0.02342191,0.05988232,0.0,1.661123,0.08578968,0.02324401,3.0,-0.40433,5.659725,3.250803,478.5117,957.4043,0.0,2.258135,0.0,49.89909,1.842081,1.109689,73.86265,0.08122182,0.01222379,0.01367195,0.0,0.0,0.0046367,3.734704,5.131695,3.80551,4.721222,302.91403,25.640354,1.38396173E9,SoFiA J201139.37+253825.3
71.0,363.0,54.75,101.5,995.125,54.99,101.786,994.562,53.0,56.0,100.0,103.0,990.0,998.0,16.0,9.0,8.0,0.597334,0.0650166,0.02178059,0.09658426,0.0,2.406967,0.139333,0.03197968,4.0,-0.4196154,6.891909,6.078005,495.5109,991.4196,0.0,2.692582,0.0,-68.19859,1.996705,1.074102,-63.39237,0.1011993,0.01729472,0.01323044,0.0,0.0,0.0061057,4.279515,6.832795,6.202981,6.817225,304.80447,25.692518,1.38464858E9,SoFiA J201913.07+254133.1
72.0,365.0,187.957,66.261,1003.261,187.844,65.956,1003.711,187.0,189.0,65.0,67.0,1001.0,1005.0,23.0,5.0,9.0,0.484225,0.009615536,0.02446577,0.1340527,0.0,0.2887604,0.1482897,0.07833197,4.0,-0.6749091,2.645133,1.764434,500.5122,1001.675,0.0,1.982914,,-74.74488,1.77947,1.619642,70.24147,0.1494457,0.01809385,0.05151944,0.0,0.0,0.0063424,4.913179,2.625124,1.554395,2.270552,302.35406,25.09229,1.384832E9,SoFiA J200924.98+250532.2
73.0,366.0,117.111,108.259,1030.259,117.32,108.343,1029.787,116.0,119.0,107.0,109.0,1028.0,1035.0,27.0,8.0,9.0,0.412629,0.273997,0.04170025,0.01800592,0.0,6.738075,0.3411932,0.06849925,1.0,-0.173989,6.617649,4.286344,513.0209,1026.174,0.0,2.067741,0.9523081,-88.03864,1.983902,1.226156,86.20097,0.2138399,0.01804582,0.02996972,0.0,65.34515,0.0043032,9.745576,6.271173,2.985563,5.976507,303.65152,25.805677,1.38535462E9,SoFiA J201436.36+254820.4
74.0,370.0,188.824,66.5,1082.942,188.786,66.277,1082.289,185.0,193.0,63.0,70.0,1072.0,1107.0,586.0,36.0,48.0,0.521143,1.326808E-4,0.2843543,0.004027941,0.0,260.4331,3.806773,0.2392132,4.0,-0.07294806,22.7821,15.12729,530.6422,1061.073,0.0,4.076725,2.941849,-50.26623,3.988612,2.60512,-48.96298,3.870137,0.02002961,0.1214572,0.0,346.1704,0.0048734,33.06016,31.49015,29.80466,31.49127,302.33667,25.097479,1.38640678E9,SoFiA J200920.80+250550.9
75.0,371.0,187.923,65.846,1132.846,187.694,65.454,1132.704,187.0,189.0,65.0,67.0,1132.0,1134.0,13.0,3.0,7.0,0.645076,0.08342218,0.04816836,0.0,0.0,9.508957E-32,0.0986044,0.05477344,3.0,0.0,2.0,1.277458,565.5241,1131.0,0.0,2.504434,0.0,-47.48955,1.794473,1.280361,-57.52997,0.07774886,0.01762516,0.03822044,0.0,0.0,0.0056255,4.167099,1.5232,0.861271,1.168232,302.35693,25.08396,1.38741722E9,SoFiA J200925.66+250502.3
76.0,374.0,156.547,98.0,1277.019,156.27,98.041,1277.51,154.0,158.0,97.0,99.0,1270.0,1282.0,53.0,13.0,12.0,0.446493,0.0437226,0.01491796,0.04553137,0.0,28.01821,0.3020104,0.04221542,4.0,-0.199787,14.0,5.991512,635.0075,1270.2,0.0,1.814365,1.414214,-90.0,2.112839,1.391774,75.82407,0.3107417,0.01654472,0.02655663,0.0,135.0,0.004914,8.686091,10.71457,9.494263,10.67595,302.9316,25.631649,1.39031936E9,SoFiA J201143.58+253753.9
77.0,376.0,113.543,150.922,1318.609,113.655,150.822,1318.138,111.0,116.0,147.0,154.0,1311.0,1335.0,348.0,25.0,38.0,0.496631,0.9388777,0.3067008,0.006997401,0.0,102.8765,3.52972,0.2347194,4.0,-0.1344539,20.83548,18.24133,652.1534,1304.134,0.0,3.504063,2.588437,2.128147,3.233496,2.560461,-2.203481,2.459653,0.02486008,0.1785156,0.0,128.7549,0.0055609,23.95249,13.78707,11.38642,13.1665,303.71918,26.513702,1.39113357E9,SoFiA J201452.60+263049.3
78.0,377.0,113.451,151.19,1372.422,113.54,151.059,1373.111,110.0,117.0,148.0,155.0,1350.0,1402.0,758.0,53.0,42.0,0.481069,5.716483E-5,0.06921313,0.1684125,0.0,708.5646,4.048458,0.1130156,6.0,-0.0683104,53.08887,35.58851,670.5346,1341.029,0.0,4.091112,2.709449,25.01358,3.383201,2.472054,22.2966,5.722421,0.02996141,0.1498382,0.0,247.7205,0.0052877,39.30741,46.90999,42.29514,44.9307,303.7213,26.517653,1.39223539E9,SoFiA J201453.12+263103.5
79.0,378.0,188.143,66.667,1407.333,188.165,66.422,1407.112,187.0,189.0,66.0,68.0,1406.0,1409.0,21.0,4.0,8.0,0.540876,0.2143874,0.03907773,0.0,0.0,0.4745353,0.1607906,0.05359686,1.0,0.0,2.0,2.0,703.0195,1406.0,0.0,1.614225,0.8259897,41.00182,1.656099,1.338005,-78.75321,0.1646134,0.01563436,0.07407603,0.0,0.0,0.0068502,5.512946,2.0,2.0,2.0,302.34808,25.100006,1.39291674E9,SoFiA J200923.54+250600.0
80.0,381.0,113.835,151.089,1497.329,113.946,151.184,1497.0,109.0,117.0,147.0,155.0,1459.0,1520.0,1294.0,62.0,60.0,0.449628,0.3837823,0.01571737,0.001903063,0.0,962.8866,9.304026,0.1967415,4.0,-0.02866081,72.0,40.71271,730.5079,1461.029,0.0,3.967696,3.177534,-0.5298973,3.229897,2.784201,7.33579,9.881039,0.02361057,0.1506694,0.0,335.8475,0.0051274,53.73855,59.1767,31.58656,59.24699,303.71375,26.519722,1.39471834E9,SoFiA J201451.30+263111.0
81.0,382.0,113.316,151.745,1560.558,113.436,151.808,1560.559,110.0,117.0,147.0,155.0,1526.0,1589.0,1017.0,64.0,57.0,0.500426,0.157032,0.01267629,0.02049127,0.0,824.9456,-8.7119398E8,0.03925799,6.0,-0.02744055,1.208505,1.126229,761.5063,1523.046,0.0,4.408578,2.821446,27.58716,3.270101,2.69886,41.43084,7.460857,0.02826837,0.164125,0.0,190.179,0.0051886,45.08978,41.59444,17.61687,41.64987,303.72324,26.530125,1.39599206E9,SoFiA J201453.58+263148.4
82.0,384.0,116.58,108.295,1629.784,116.763,108.283,1630.205,114.0,118.0,107.0,110.0,1622.0,1636.0,88.0,15.0,16.0,0.468205,0.03842447,0.01435965,0.01553352,0.0,32.6418,0.5428142,0.07705655,4.0,-0.1881013,9.565589,6.244968,810.5072,1621.188,0.0,2.533876,1.56651,-34.19974,2.16683,1.913645,-29.73517,0.5591428,0.01451743,0.05423964,0.0,335.9769,0.004383,13.59918,9.223297,5.415958,7.528114,303.66183,25.804682,1.39738803E9,SoFiA J201438.84+254816.9
83.0,385.0,113.296,151.463,1653.544,113.561,151.415,1653.852,110.0,116.0,148.0,154.0,1634.0,1672.0,802.0,39.0,37.0,0.45219,0.4511478,0.3614462,0.3596155,0.0,499.9236,7.287855,0.255231,6.0,-0.1299668,42.47305,33.815,815.6807,1631.053,0.0,3.231129,3.063387,66.97579,2.871899,2.574216,67.72804,7.877991,0.02552449,0.1805756,0.0,109.5897,0.0054646,50.90652,37.5258,34.65318,36.58213,303.72092,26.523584,1.39786189E9,SoFiA J201453.02+263124.9
84.0,386.0,116.065,107.563,1656.0,116.34,107.562,1656.497,113.0,119.0,105.0,111.0,1648.0,1663.0,277.0,16.0,34.0,0.523141,0.02489065,0.01751441,0.02408738,0.0,115.1092,1.646279,0.1820988,4.0,-0.1287261,13.12119,8.633724,823.5088,1647.129,0.0,3.103494,2.980058,-65.90972,2.939706,2.895159,18.14906,1.692437,0.01702939,0.1280149,0.0,18.54095,0.0043823,23.2042,12.96609,8.335195,12.3459,303.66968,25.792658,1.39791488E9,SoFiA J201440.72+254733.6
85.0,387.0,113.527,151.057,1709.4,113.586,151.069,1710.049,111.0,116.0,148.0,154.0,1678.0,1753.0,821.0,76.0,35.0,0.523471,0.3445069,0.009736289,0.03108137,0.0,1482.69,-1.37765497E14,0.08612672,6.0,-0.05790507,4.744884E-5,2.965553E-5,832.0049,1664.016,0.0,3.514138,2.915959,-0.3996733,2.66379,2.342448,11.45271,8.281323,0.02582729,0.07735569,0.0,159.8231,0.0056049,51.56565,72.85572,66.55916,74.4321,303.72046,26.517822,1.39898816E9,SoFiA J201452.91+263104.2
86.0,388.0,157.418,99.192,1700.212,157.155,99.225,1700.26,155.0,159.0,96.0,101.0,1694.0,1712.0,146.0,19.0,24.0,0.522357,2.472243E-4,0.05957517,0.004749503,0.0,29.62414,0.6768777,0.08087467,3.0,-0.1407322,11.98751,7.96783,845.0298,1690.141,0.0,3.279477,1.360397,-80.93373,2.855147,2.105002,-59.32924,0.6965825,0.01681059,0.03633853,0.0,270.7533,0.0047565,12.33309,13.21891,5.663886,15.60709,302.9151,25.651287,1.39879194E9,SoFiA J201139.62+253904.6
87.0,396.0,117.117,107.517,1781.933,117.134,107.504,1781.394,116.0,119.0,107.0,109.0,1775.0,1787.0,60.0,13.0,10.0,0.454085,0.01899066,0.03305406,0.0,0.0,21.95399,0.4584684,0.05033594,4.0,-0.1190819,12.92265,9.136299,887.0165,1774.119,0.0,2.125651,1.405438,75.51125,1.995804,1.32499,85.30447,0.4616872,0.01755257,0.04184302,0.0,,0.0042203,14.12309,11.14127,7.969049,10.10878,303.65497,25.791683,1.40041805E9,SoFiA J201437.19+254730.1
88.0,397.0,113.869,150.949,1792.212,113.949,150.896,1791.519,113.0,115.0,150.0,152.0,1781.0,1807.0,99.0,27.0,8.0,0.550509,0.1894041,0.02135324,0.003422769,0.0,99.04713,1.089376,0.04735101,3.0,-0.07528494,29.08303,24.15171,888.5107,1777.075,0.0,1.855268,1.099357,45.75391,1.825268,1.17685,44.38519,1.013492,0.02393307,0.09404777,0.0,58.819,0.0058088,17.5354,21.09774,4.092716,10.22275,303.71368,26.514923,1.40062093E9,SoFiA J201451.29+263053.7
89.0,400.0,113.94,150.944,1843.204,114.035,150.921,1842.92,112.0,116.0,148.0,154.0,1828.0,1861.0,431.0,34.0,28.0,0.551282,4.756355E-6,0.01092063,0.218522,0.0,158.9114,3.317978,0.1662632,6.0,-0.1237369,28.94378,19.40503,912.0055,1824.055,0.0,2.995372,2.676606,-21.78117,2.658831,2.310176,-10.2799,3.607809,0.02327095,0.1070332,0.0,343.0397,0.0055471,31.32866,27.37909,20.73113,27.45287,303.7121,26.515343,1.40165107E9,SoFiA J201450.90+263055.2
90.0,402.0,187.877,66.32,1862.142,187.812,66.452,1861.543,185.0,191.0,63.0,69.0,1850.0,1877.0,325.0,28.0,32.0,0.513705,0.5546563,0.0388794,0.004036334,0.0,281.413,2.571164,0.1386641,4.0,-0.09403114,27.85962,23.66695,923.0194,1846.094,0.0,2.968082,2.085972,-27.2276,2.644037,2.01659,-20.55091,2.519052,0.02406496,0.1068604,0.0,179.3773,0.0049823,28.0456,23.34791,21.90738,22.97697,302.35458,25.100569,1.40202432E9,SoFiA J200925.10+250602.0
91.0,404.0,187.538,66.514,1915.786,187.54,66.435,1915.683,185.0,190.0,64.0,69.0,1900.0,1930.0,444.0,31.0,30.0,0.530798,0.1093071,0.1513474,0.007261725,0.0,207.3664,3.263125,0.1138256,4.0,-0.03116723,36.0,32.10791,948.5757,1897.031,0.0,3.279416,2.160952,-24.18958,2.663486,2.165057,-38.14375,3.378665,0.0212726,0.1201336,0.0,144.6715,0.0052662,30.44803,28.62596,26.55592,28.26387,302.3596,25.100332,1.40310938E9,SoFiA J200926.30+250601.2
92.0,405.0,28.232,219.52,1941.976,28.344,219.735,1941.997,26.0,30.0,216.0,223.0,1934.0,1947.0,125.0,14.0,30.0,0.416039,0.1105943,0.02267818,0.01018568,0.0,49.40378,0.7402589,0.07653227,3.0,-0.1302871,14.0,8.913467,967.0113,1934.13,0.0,3.425383,1.776665,-34.54841,3.397553,2.332836,-16.58091,0.7662096,0.02225342,0.06127684,0.0,347.6607,0.0061528,11.13824,12.13626,5.838517,10.66455,305.32428,27.653818,1.40363674E9,SoFiA J202117.82+273913.7
93.0,406.0,187.722,66.42,1945.364,187.506,66.394,1945.982,186.0,189.0,64.0,68.0,1935.0,1954.0,162.0,20.0,18.0,0.551702,0.02834111,0.0342647,0.006798995,0.0,125.1922,1.013447,0.06905881,4.0,-0.07157956,19.90561,15.29921,967.0171,1934.072,0.0,2.240844,2.128719,-68.95732,2.225221,2.063471,-51.03587,1.15869,0.02446122,0.09959918,0.0,24.99987,0.0048999,18.57917,13.541,12.08839,12.83849,302.3602,25.099653,1.40371661E9,SoFiA J200926.45+250558.8
94.0,410.0,117.609,107.702,2032.078,117.497,107.65,2031.482,114.0,121.0,105.0,111.0,2019.0,2051.0,386.0,33.0,42.0,0.562846,9.542469E-5,0.07953517,0.002247051,0.0,343.9849,1.712036,0.1656763,3.0,-0.1144342,14.74505,9.794641,1006.54,2013.114,0.0,3.316954,2.818819,-41.18205,2.999689,2.750967,-12.65356,2.530124,0.01898287,0.06116978,0.0,349.9052,0.0043836,29.37768,31.39611,6.148473,32.12069,303.64825,25.794115,1.40543014E9,SoFiA J201435.58+254738.8
95.0,412.0,187.926,66.426,2032.972,188.099,66.342,2033.196,186.0,190.0,65.0,68.0,2027.0,2038.0,108.0,12.0,17.0,0.434858,0.0582999,0.01776992,0.02405334,0.0,46.57655,0.6473609,0.1207046,4.0,-0.2525435,7.230253,4.711662,1013.009,2026.253,0.0,2.635681,1.793438,-73.31274,2.672144,1.862359,-79.80292,0.6783613,0.01578373,0.07099011,0.0,0.0,0.004728,13.80624,8.439172,2.464188,8.496192,302.3493,25.098688,1.40546445E9,SoFiA J200923.83+250555.3
96.0,414.0,188.539,66.425,2070.173,188.515,66.408,2071.348,186.0,191.0,64.0,70.0,2057.0,2083.0,393.0,27.0,33.0,0.56421,5.222858E-6,0.01504262,0.003368225,0.0,216.7691,2.242142,0.1054148,4.0,-0.0439267,27.68518,23.73988,1027.508,2055.044,0.0,3.110146,2.507991,-81.97994,2.910386,2.423703,-70.03844,2.578502,0.01695367,0.1126961,0.0,308.2508,0.0049622,26.21204,23.93966,20.94815,22.16134,302.34164,25.09971,1.40622925E9,SoFiA J200921.99+250559.0
97.0,417.0,116.377,107.517,2085.728,116.574,107.534,2085.522,113.0,119.0,105.0,110.0,2069.0,2095.0,265.0,27.0,33.0,0.503389,0.1365933,0.01080606,Infinity,0.0,334.2901,1.271832,0.06214107,6.0,-9.0E30,30.0,30.0,1035.005,2070.08,0.0,3.214031,2.552019,23.26212,2.935649,2.474185,65.68279,1.889049,0.01843504,0.08326167,0.0,208.0058,0.004485,26.12139,24.54331,5.122915,24.64257,303.6653,25.792194,1.40651315E9,SoFiA J201439.68+254731.9
98.0,418.0,36.195,266.691,2078.374,36.288,266.449,2077.33,34.0,38.0,264.0,269.0,2070.0,2090.0,123.0,21.0,21.0,0.460112,5.883474E-6,0.0230745,0.01364813,0.0,133.9434,0.7788988,0.1358305,4.0,-0.2139724,8.143152,5.422667,1033.012,2066.214,0.0,2.615774,2.17542,34.82702,2.608728,1.936771,32.20515,1.148126,0.02096957,0.06136442,0.0,340.0439,0.0050794,20.38078,18.38554,5.273761,18.35503,305.18512,28.434195,1.40634906E9,SoFiA J202044.43+282603.1
99.0,419.0,43.417,76.917,2081.958,43.469,76.797,2081.749,42.0,45.0,76.0,78.0,2080.0,2085.0,24.0,6.0,10.0,0.467562,0.0753964,0.09718047,0.03401032,0.0,2.496803,0.1988996,0.04636642,3.0,-0.3509119,6.0,3.855934,1039.049,2078.351,0.0,1.585617,0.7357807,40.13621,1.616644,1.376209,-58.52417,0.1689187,0.0120767,0.03266304,0.0,0.0,0.0053493,6.73241,4.502684,2.566501,4.331726,305.0132,25.27428,1.40643763E9,SoFiA J202003.17+251627.4
100.0,420.0,187.814,66.487,2246.637,187.795,66.319,2248.183,183.0,194.0,61.0,72.0,2088.0,2417.0,10674.0,330.0,107.0,0.466728,6.365391E-4,0.05492325,0.006356812,0.0,5689.09,59.35115,0.2281665,6.0,-0.01153892,360.2805,275.9063,1024.527,2049.004,0.0,6.32872,4.950812,-43.36355,3.886379,3.302152,-32.66104,70.33821,0.02691674,0.1973842,0.0,332.4806,0.0047348,143.79,324.6839,243.4203,325.2386,302.35492,25.09836,1.40977318E9,SoFiA J200925.18+250554.1
101.0,422.0,114.542,151.292,2108.5,114.425,151.338,2108.186,113.0,115.0,150.0,152.0,2105.0,2114.0,24.0,10.0,6.0,0.462157,0.1347444,0.02287816,0.0162658,0.0,13.73726,0.258495,0.0336861,1.0,-0.09959047,10.0,7.47506,1051.511,2103.1,0.0,1.782408,0.868088,-87.86361,1.271212,1.167285,-73.91697,0.1984285,0.01854186,0.02041844,0.0,135.0,0.0046045,8.985819,8.789302,5.633851,8.738935,303.70483,26.522297,1.40696755E9,SoFiA J201449.16+263120.3
102.0,423.0,113.901,150.673,2165.997,113.941,150.8,2167.003,111.0,117.0,147.0,154.0,2121.0,2216.0,1639.0,96.0,46.0,0.410063,0.508281,0.0,0.0,0.0,3086.755,-1.07330099E10,0.1270703,4.0,-0.0186001,1.068475,1.036151,1054.0,2108.019,0.0,3.664819,2.993907,12.42823,2.858123,2.358235,21.30099,17.06087,0.02819915,0.0,0.0,9.264846,0.0052224,80.69471,93.09779,85.09538,0.0,303.71384,26.513323,1.4081463E9,SoFiA J201451.32+263048.0
103.0,425.0,116.299,108.564,2131.83,116.163,108.443,2131.131,110.0,121.0,105.0,113.0,2119.0,2155.0,676.0,37.0,70.0,0.536358,5.49951E-8,1.203477E-4,0.00311922,0.0,310.1295,3.414616,0.2715173,4.0,-0.09685912,18.00748,11.9046,1055.0,2110.097,0.0,6.383749,2.891299,63.05439,5.487655,2.750198,59.68072,4.10597,0.0190165,0.2307812,0.0,76.69649,0.004447,35.83144,15.42408,6.038776,15.00075,303.67294,25.807346,1.40742733E9,SoFiA J201441.51+254826.4
104.0,426.0,159.297,98.96,2132.24,159.044,99.085,2132.281,157.0,161.0,97.0,102.0,2123.0,2150.0,175.0,28.0,24.0,0.537641,0.1500229,0.01760704,0.01509151,0.0,73.77748,-162.0617,0.03750573,4.0,-0.0509407,8.464713,7.763282,1058.009,2116.051,0.0,3.340311,2.451626,44.52882,2.862993,2.265033,59.74192,0.7262395,0.01813382,0.02829127,0.0,315.0,0.0047954,11.89862,24.722,23.66816,25.11884,302.8802,25.648748,1.40745037E9,SoFiA J201131.25+253855.5
105.0,430.0,214.622,97.855,2170.756,214.505,97.913,2170.876,211.0,217.0,95.0,100.0,2159.0,2176.0,193.0,18.0,32.0,0.434541,0.0835768,0.01770037,0.01378135,0.0,54.77373,1.27528,0.1497064,4.0,-0.1561786,11.51437,7.47434,1080.009,2160.156,0.0,2.759856,2.193913,-49.00658,2.767005,2.517751,82.12782,1.25882,0.01963197,0.08292536,0.0,163.6727,0.0058667,15.48528,14.20257,3.505391,14.38678,301.85495,25.61928,1.40822387E9,SoFiA J200725.19+253709.4
106.0,432.0,117.191,107.294,2176.201,117.128,107.364,2176.114,113.0,123.0,103.0,111.0,2160.0,2197.0,1099.0,38.0,69.0,0.444062,0.001306425,0.04444769,0.2015468,0.0,500.6084,6.205033,0.2730651,6.0,-0.1197245,32.94868,22.14055,1077.022,2154.05,0.0,4.537956,3.528624,59.42197,3.732481,3.121843,70.25135,6.896954,0.02178406,0.7837381,0.0,94.4297,0.004313,48.23669,32.15627,21.41531,1.140865,303.65506,25.789352,1.40832896E9,SoFiA J201437.22+254721.7
107.0,433.0,37.176,266.176,2167.412,37.147,266.229,2167.334,36.0,38.0,265.0,267.0,2164.0,2169.0,17.0,6.0,6.0,0.535907,0.05235536,0.01833171,0.03576164,0.0,1.314944,0.2290998,0.05754457,3.0,-0.3155647,6.0,3.724125,1082.009,2164.316,0.0,1.207395,0.2923161,9.720017,1.180438,0.9257257,-2.878022,0.1964954,0.02138861,0.03065406,0.0,0.0,0.006206,7.679168,5.451865,2.63603,4.745872,305.1688,28.430687,1.40815296E9,SoFiA J202040.51+282550.5
108.0,434.0,159.187,96.864,2185.439,158.976,97.122,2185.322,156.0,163.0,93.0,102.0,2177.0,2193.0,369.0,17.0,53.0,0.56651,1.246678E-7,4.9844E-4,0.006492191,0.0,38.18525,1.680739,0.1697989,4.0,-0.1121175,14.46839,9.663131,1088.0,2176.112,0.0,4.97532,2.697697,35.08637,5.369718,2.750295,32.31521,1.67794,0.01858388,0.1246887,0.0,248.2542,0.0049643,17.59559,13.40477,8.966997,12.84945,302.88168,25.616037,1.40851341E9,SoFiA J201131.61+253657.7
109.0,435.0,36.55,266.128,2181.783,36.47,266.401,2181.291,35.0,38.0,263.0,269.0,2174.0,2194.0,180.0,21.0,25.0,0.438974,1.275613E-5,0.03824631,0.009162433,0.0,81.80036,1.292,0.1711356,4.0,-0.1632131,10.81232,7.128503,1084.519,2169.163,0.0,2.872438,1.999852,2.86105,2.92966,1.848708,3.664575,1.427752,0.02310745,0.13192,0.0,105.2045,0.0054814,19.4685,12.5714,5.772372,9.0038,305.18167,28.433428,1.40843264E9,SoFiA J202043.60+282600.3
110.0,436.0,51.611,84.905,2186.437,51.571,85.138,2186.438,46.0,58.0,81.0,90.0,2180.0,2192.0,483.0,13.0,83.0,0.457075,1.092138E-4,0.06498676,0.01007346,0.0,48.8312,2.444086,0.2928814,4.0,-0.1288383,12.28921,8.322469,1089.532,2179.129,0.0,4.603165,4.335295,19.6332,5.025117,4.187282,-81.79869,2.494832,0.0187287,0.2593721,0.0,52.41493,0.005165,21.97856,11.1515,8.566225,9.237305,304.86514,25.414557,1.40853581E9,SoFiA J201927.63+252452.4
111.0,437.0,35.162,84.919,2183.135,34.478,85.127,2184.094,34.0,37.0,84.0,87.0,2181.0,2187.0,37.0,7.0,11.0,0.569306,2.507309E-9,6.367101E-5,0.0,0.0,9.439657,0.02922571,0.01664902,3.0,0.0,1.991328,1.205663,1090.0,2180.0,0.0,,,,2.095618,1.848798,45.77703,0.01943737,0.009621041,0.0,0.0,0.0,0.0045218,0.7265978,3.13,2.712074,0.0,305.18057,25.411552,1.40848883E9,SoFiA J202043.34+252441.6
112.0,442.0,113.9,150.752,2238.34,113.814,150.821,2237.96,111.0,117.0,148.0,153.0,2225.0,2264.0,532.0,40.0,36.0,0.404089,1.717192E-5,0.03338365,0.364379,0.0,579.944,4.534217,0.1953938,6.0,-0.08687008,33.52741,22.38006,1107.517,2215.047,0.0,3.202779,2.987947,84.73597,2.626529,2.346575,80.39684,5.394664,0.0276055,0.1423815,0.0,293.7747,0.005622,42.24241,35.2474,8.644011,35.43568,303.71622,26.513674,1.40956826E9,SoFiA J201451.89+263049.2
113.0,446.0,175.231,225.615,2243.846,175.453,225.323,2243.863,174.0,176.0,224.0,227.0,2242.0,2245.0,13.0,4.0,8.0,0.637314,0.002747072,0.02375335,0.0,0.0,0.003635942,0.07683751,0.07106532,3.0,-1.045919E-11,0.8616603,1.922925,1121.012,2242.0,0.0,1.314462,0.0,-20.55605,2.036983,0.9100564,28.05937,0.07687092,0.01726031,0.05584731,0.0,0.0,0.0057427,4.461932,0.8569839,0.5356149,0.6506417,302.55493,27.750593,1.40968666E9,SoFiA J201013.18+274502.1
114.0,449.0,29.015,221.265,2270.059,28.908,221.426,2269.407,28.0,30.0,219.0,223.0,2261.0,2278.0,68.0,18.0,13.0,0.527906,0.03916498,0.01943242,0.6638982,0.0,31.89562,0.3399841,0.01809948,2.0,-0.2945782,20.0,20.0,1130.01,2260.01,0.0,1.249014,0.8491801,-61.85869,2.100111,1.305531,2.474589,0.368719,0.01962136,0.02137187,0.0,,0.0059184,7.555024,16.30762,11.03015,16.56741,305.31406,27.682133,1.41019866E9,SoFiA J202115.37+274055.7
115.0,453.0,29.133,219.867,2290.067,28.967,220.087,2291.207,28.0,30.0,219.0,221.0,2285.0,2292.0,15.0,8.0,7.0,0.622219,0.00271694,0.01847978,0.06638962,0.0,0.300909,0.2529797,0.06429383,3.0,-0.1700526,4.701045,3.352015,1143.009,2286.17,0.0,,,,1.509212,1.110874,35.92179,0.1152097,0.01764952,0.02896573,0.0,0.0,0.0064114,4.802546,3.242835,2.198905,2.943297,305.31262,27.659815,1.41063552E9,SoFiA J202115.03+273935.3
116.0,454.0,118.059,107.113,2324.78,117.985,107.431,2324.972,116.0,120.0,105.0,110.0,2313.0,2332.0,186.0,20.0,24.0,0.529073,0.07127899,0.01537508,0.4099574,0.0,112.3263,1.145408,0.1003266,6.0,-0.4082019,21.49595,10.24061,1156.508,2313.115,0.0,3.237253,2.12663,-14.00955,2.715175,2.120042,-5.985304,1.191827,0.01546907,0.06580989,0.0,356.4169,0.0041727,20.94325,17.5239,15.92178,17.2934,303.63922,25.79046,1.41131226E9,SoFiA J201433.41+254725.7
117.0,460.0,171.925,229.55,2345.975,172.058,230.008,2345.666,171.0,173.0,228.0,231.0,2343.0,2349.0,40.0,7.0,10.0,0.5072,0.0862378,0.04155187,0.05103844,0.0,0.8384003,0.1960664,0.04133642,3.0,-0.3132716,6.0,6.0,1171.021,2342.313,0.0,2.903877,0.0,-2.960936,2.154329,1.307305,-27.81684,0.1742116,0.01534496,0.02808021,0.0,0.0,0.0068046,4.208959,5.547612,3.294523,5.32893,302.61804,27.829205,1.41172685E9,SoFiA J201028.33+274945.1
118.0,463.0,117.094,107.844,2374.344,117.167,107.798,2373.697,115.0,119.0,107.0,109.0,2366.0,2382.0,64.0,17.0,12.0,0.485986,0.05933528,0.01541026,0.06078517,0.0,47.2616,0.366483,0.04852581,4.0,-0.1998758,14.29686,6.002726,1182.508,2365.2,0.0,2.356508,1.296026,82.38764,2.305599,1.50371,87.77164,0.3960051,0.01696109,0.03209217,0.0,315.0,0.00446,11.09881,11.47797,2.789465,11.57423,303.65436,25.79659,1.41228864E9,SoFiA J201437.04+254747.7
119.0,467.0,188.416,66.148,2440.698,188.231,66.081,2441.165,185.0,192.0,63.0,69.0,2422.0,2450.0,454.0,29.0,41.0,0.450391,0.06495578,0.01279989,0.003732438,0.0,139.2919,3.560709,0.2401863,4.0,-0.08269585,21.10032,13.8171,1212.006,2424.083,0.0,3.316163,2.468222,-71.58525,2.910372,2.528272,-59.44928,3.408244,0.02165682,0.1845064,0.0,146.26,0.0047072,34.17033,19.66498,13.8395,18.79816,302.34692,25.094318,1.41364096E9,SoFiA J200923.26+250539.5
120.0,471.0,116.351,107.523,2464.069,116.503,107.496,2465.682,113.0,119.0,105.0,111.0,2441.0,2474.0,262.0,34.0,35.0,0.404353,0.07158579,0.0,0.008623762,0.0,574.6037,0.9654874,0.05079412,4.0,-0.07800522,36.51298,15.14743,1222.5,2445.078,0.0,2.807686,2.662063,84.86027,2.867307,2.322614,43.56056,2.000743,0.01977455,0.05392908,0.0,43.73474,0.0044101,28.75049,9.093117,5.297942,28.53614,303.66663,25.791569,1.41413222E9,SoFiA J201439.99+254729.6
121.0,474.0,188.056,66.469,2490.451,188.249,66.475,2490.157,185.0,191.0,64.0,70.0,2469.0,2501.0,339.0,33.0,38.0,0.532262,0.1111193,0.007953928,0.0,0.0,306.2052,1.083413,0.02777983,1.0,0.0,38.0,38.0,1235.504,2471.0,0.0,3.132187,2.441147,-2.400887,2.836208,2.664639,53.48051,1.973404,0.0160487,0.04627958,0.0,195.0004,0.0050229,21.40158,21.85257,10.20842,27.2816,302.34653,25.100882,1.41462285E9,SoFiA J200923.16+250603.2
122.0,476.0,116.633,107.3,2497.333,116.669,107.384,2496.763,116.0,118.0,106.0,109.0,2494.0,2500.0,30.0,7.0,9.0,0.497092,0.02707113,0.018169,0.1289204,0.0,5.958421,0.1763987,0.0472531,4.0,-0.32356,5.406539,3.568857,1247.009,2494.324,0.0,1.491011,0.08942477,43.8501,1.48613,1.141473,27.37488,0.1798941,0.01251571,0.02744347,0.0,0.0,0.0045498,7.218789,4.443875,2.792282,4.342531,303.66357,25.789698,1.4147552E9,SoFiA J201439.26+254722.9
123.0,477.0,117.099,107.475,2511.504,117.1,107.497,2511.171,115.0,119.0,105.0,109.0,2504.0,2524.0,141.0,21.0,21.0,0.493783,5.106575E-4,0.127942,0.01325825,0.0,96.79925,0.7479941,0.1197541,4.0,-0.1988395,8.947149,5.900109,1249.564,2499.199,0.0,2.623452,1.817212,37.19807,2.525655,2.105779,53.68297,0.9489762,0.01704548,0.09168516,0.0,191.9222,0.0043424,18.46977,5.962662,3.462536,5.605261,303.65558,25.791569,1.41504384E9,SoFiA J201437.34+254729.6
124.0,478.0,187.43,66.465,2519.198,187.394,66.471,2518.74,186.0,189.0,65.0,68.0,2513.0,2527.0,86.0,15.0,15.0,0.477915,1.865814E-5,0.0790545,0.02368809,0.0,82.0408,0.4136845,0.06580851,4.0,-0.1807909,9.060607,6.005701,1255.54,2511.181,0.0,2.703539,1.322425,-44.51606,2.727372,1.473855,-45.02558,0.565549,0.01789756,0.0372292,0.0,5.728108,0.0044546,13.69023,13.81857,11.54683,13.85055,302.36227,25.10096,1.41519565E9,SoFiA J200926.94+250603.5
125.0,479.0,170.815,226.963,2518.148,170.955,226.967,2518.405,169.0,172.0,226.0,228.0,2517.0,2520.0,27.0,4.0,10.0,0.466615,0.001145191,0.07301469,0.05532442,0.0,1.824607E-15,0.1908972,0.09597167,3.0,-0.8936934,1.802394,1.501496,1258.537,2517.894,0.0,,,,1.717166,1.52925,-82.009,0.1908974,0.01529111,0.09027116,0.0,0.0,0.0068994,5.426314,1.802394,1.501496,1.531284,302.63937,27.77867,1.41518886E9,SoFiA J201033.45+274643.2
126.0,485.0,113.954,150.663,2555.671,113.982,150.693,2555.622,112.0,116.0,148.0,153.0,2544.0,2568.0,416.0,25.0,26.0,0.501529,6.886734E-4,0.1753332,0.004033436,0.0,80.34817,4.191175,0.2308976,4.0,-0.05602915,25.76276,18.72457,1270.588,2541.056,0.0,3.124079,2.519151,9.420259,2.713998,2.079135,3.644845,4.208833,0.02620182,0.2578222,0.0,179.046,0.0054,38.21418,24.05396,18.71274,18.72562,303.7131,26.511547,1.41593485E9,SoFiA J201451.14+263041.6
127.0,486.0,113.521,149.978,2590.502,113.505,150.104,2590.43,111.0,116.0,148.0,152.0,2580.0,2601.0,267.0,22.0,23.0,0.458567,2.72582E-5,0.06685142,0.30685,0.0,81.2345,2.407112,0.1642767,6.0,-0.1647314,21.47915,14.77167,1289.033,2578.07,0.0,2.56757,2.251033,30.29544,2.22244,2.10849,39.8043,2.498202,0.02444206,0.1563338,0.0,191.3736,0.005604,27.28192,18.33887,14.50801,16.59447,303.722,26.50173,1.41663245E9,SoFiA J201453.27+263006.2
128.0,488.0,117.633,107.018,2563.631,117.579,107.072,2562.614,113.0,122.0,103.0,111.0,2550.0,2591.0,911.0,42.0,68.0,0.502993,1.715127E-4,0.0,0.001000842,0.0,323.7509,4.770753,0.332486,4.0,-0.08498257,20.51495,13.56658,1269.5,2539.085,0.0,3.946096,3.641847,34.93007,3.550359,3.375594,29.5132,5.253823,0.02159544,0.2883215,0.0,72.21594,0.0042651,41.45405,21.0288,13.05091,19.20621,303.64673,25.78448,1.41607488E9,SoFiA J201435.22+254704.1
129.0,489.0,158.901,97.043,2567.254,158.59,97.638,2568.207,155.0,162.0,94.0,100.0,2555.0,2573.0,232.0,19.0,42.0,0.47031,0.06025256,0.02265124,0.01179191,0.0,76.17221,1.363028,0.1644069,4.0,-0.1555518,11.4419,7.489729,1278.511,2557.156,0.0,4.868744,2.306314,45.02665,4.537815,2.36631,40.18573,1.440603,0.01987768,0.0,0.0,24.01878,0.0047163,20.18494,7.170768,5.553656,0.0,302.88876,25.62468,1.41618701E9,SoFiA J201133.31+253728.8
130.0,490.0,116.907,107.237,2612.691,117.112,107.224,2612.43,115.0,119.0,106.0,108.0,2605.0,2621.0,97.0,17.0,11.0,0.559909,0.020016,0.1893241,0.0,0.0,28.74572,0.7304988,0.05612073,4.0,-0.07522276,17.3981,13.93465,1301.595,2603.075,0.0,2.135912,1.3986,70.85629,2.116872,1.287872,74.3064,0.7318139,0.01708481,0.05044018,0.0,101.4365,0.0049257,15.08497,16.25555,9.262966,15.64863,303.65536,25.787031,1.41707328E9,SoFiA J201437.29+254713.3
131.0,491.0,36.624,267.386,2647.465,36.637,267.3,2647.333,35.0,38.0,266.0,269.0,2640.0,2657.0,101.0,18.0,12.0,0.552869,2.621971E-5,0.08537629,0.01625875,0.0,76.07982,0.7226684,0.06987516,4.0,-0.1080754,15.00114,9.99659,1318.543,2637.108,0.0,2.065374,1.540809,-87.20456,1.91124,1.673479,-83.09278,0.835387,0.02282979,0.04874597,0.0,284.1995,0.0058265,14.26658,16.07295,13.93317,16.12958,305.1787,28.448462,1.4177728E9,SoFiA J202042.89+282654.5
132.0,493.0,113.684,150.421,2622.105,113.702,150.494,2622.143,113.0,115.0,149.0,151.0,2620.0,2624.0,19.0,5.0,6.0,0.597245,0.1232159,0.03080775,0.09481051,0.0,0.01676944,0.2712872,0.07257249,4.0,-0.2844891,4.0,3.787186,1310.015,2620.284,0.0,1.56663,0.8950261,71.83386,1.249105,0.9799964,54.25128,0.2715748,0.02142251,0.06110433,0.0,50.11225,0.0054498,11.43216,4.0,3.762489,4.0,303.7183,26.50823,1.41726797E9,SoFiA J201452.39+263029.6
133.0,494.0,56.13,266.957,2646.522,56.56,267.067,2646.265,55.0,58.0,266.0,268.0,2645.0,2648.0,23.0,4.0,10.0,0.469168,0.09044137,0.02738556,0.07942409,0.0,1.636449E-12,0.1258115,0.06384178,3.0,-0.9532872,2.0,1.774188,1322.514,2645.953,0.0,2.031007,0.8562895,55.27802,2.017814,1.28151,76.53143,0.1258114,0.01488317,0.05661514,0.0,0.0,0.0048411,5.671054,2.0,1.774188,1.861823,304.80096,28.447777,1.41775142E9,SoFiA J201912.23+282652.0
134.0,495.0,116.656,106.902,2662.639,116.761,107.237,2662.367,115.0,118.0,105.0,109.0,2660.0,2666.0,61.0,7.0,16.0,0.417644,0.07233484,0.04587175,0.02331985,0.0,0.8364795,0.3125177,0.09208544,3.0,-0.3984852,5.574673,3.039161,1329.523,2659.398,0.0,1.62423,1.035067,-71.11983,2.053575,1.695488,-22.59362,0.2996015,0.01335501,0.05204312,0.0,0.0,0.0046005,8.407494,5.020704,3.321461,4.404391,303.66187,25.787247,1.41807411E9,SoFiA J201438.85+254714.1
135.0,497.0,113.842,150.591,2752.203,113.942,150.604,2751.762,112.0,116.0,149.0,153.0,2721.0,2780.0,379.0,60.0,18.0,0.580467,0.2023145,0.0,0.003070807,0.0,381.0382,-5045212.0,0.05057861,4.0,-0.04195198,3.035473,2.75982,1358.5,2717.042,0.0,2.536262,1.600227,-0.9492227,2.262736,1.637421,6.877956,3.879509,0.02659073,0.07877153,0.0,194.3284,0.0058565,34.0268,57.84925,47.87651,57.44839,303.71384,26.510063,1.41986586E9,SoFiA J201451.32+263036.2
136.0,498.0,116.378,108.023,2741.266,116.554,108.161,2741.898,115.0,119.0,105.0,110.0,2727.0,2751.0,259.0,25.0,25.0,0.589501,0.08631868,0.02046285,0.0,0.0,113.3277,1.569821,0.1007875,6.0,-0.3995351,28.0,13.73486,1363.51,2727.087,0.0,2.77844,2.130777,-43.66951,2.538357,2.173454,-22.31321,1.56642,0.01919805,0.05285606,0.0,111.5861,0.0046017,21.1514,22.96725,9.422406,23.1726,303.6657,25.802645,1.4196681E9,SoFiA J201439.77+254809.5
137.0,501.0,188.507,276.755,2744.934,188.106,276.582,2744.994,182.0,196.0,273.0,281.0,2742.0,2748.0,335.0,7.0,87.0,0.404392,0.15591,0.1652155,0.02533622,0.0,4.209983,2.53657,0.6360895,4.0,-0.2582362,4.811672,3.887704,1370.583,2741.258,0.0,8.512229,2.551927,74.74788,8.576446,2.803658,74.37134,2.500638,0.02083999,0.4666678,0.0,53.58253,0.0048399,28.44174,4.825431,3.932961,4.296726,302.30508,28.603113,1.41973005E9,SoFiA J200913.22+283611.2
138.0,502.0,36.3,266.768,2756.253,36.257,267.027,2756.763,34.0,39.0,264.0,269.0,2743.0,2766.0,237.0,24.0,29.0,0.487877,0.04392125,0.01253418,0.01094705,0.0,274.5753,0.9826282,0.08205231,4.0,-0.1067136,16.02723,10.92948,1371.506,2743.107,0.0,3.057799,2.314003,36.36616,2.871071,2.218103,18.31064,1.705255,0.02168364,0.08012192,0.0,80.28457,0.0049851,22.21996,20.25189,16.85208,20.2566,305.18585,28.443844,1.41996595E9,SoFiA J202044.60+282637.8
139.0,504.0,187.715,65.601,2782.727,187.791,65.479,2783.365,185.0,190.0,63.0,68.0,2764.0,2793.0,253.0,30.0,27.0,0.503745,0.0420878,0.03068684,0.02128913,0.0,252.9339,1.899717,0.08638831,4.0,-0.01342904,31.73943,22.67047,1382.515,2765.013,0.0,2.8767,2.245107,-28.39034,2.582977,2.235041,-33.75698,1.862862,0.01862014,0.08278554,0.0,19.01146,0.0051358,22.98636,23.05678,19.19283,23.20301,302.35513,25.08436,1.42049907E9,SoFiA J200925.23+250503.7
140.0,505.0,115.921,107.464,2806.325,116.153,107.437,2806.542,115.0,118.0,106.0,109.0,2795.0,2820.0,151.0,26.0,14.0,0.570677,1.109464E-4,0.1144041,0.01075666,0.0,112.0932,0.8994867,0.04854902,4.0,-0.05645608,27.37614,18.68961,1395.557,2791.056,0.0,2.505097,1.905321,-66.56636,2.095541,1.729194,-46.59479,1.043716,0.01740067,0.04633138,0.0,74.16974,0.0043962,19.32044,24.47063,14.71089,24.4931,303.67313,25.790583,1.42096358E9,SoFiA J201441.55+254726.1
141.0,507.0,36.095,266.738,2813.143,36.114,266.716,2812.467,35.0,37.0,266.0,268.0,2807.0,2821.0,42.0,15.0,6.0,0.560276,0.125288,0.02100832,0.01190749,0.0,20.98663,0.3587766,0.03132199,1.0,-0.06626447,16.0,11.22727,1402.511,2805.066,0.0,1.733748,0.7684335,18.97287,1.340835,0.9829977,19.86393,0.3470898,0.0186372,0.02394971,0.0,0.0,0.0059116,9.059662,14.25319,5.634776,13.92244,305.18848,28.438614,1.42108237E9,SoFiA J202045.24+282619.0
142.0,508.0,114.25,149.875,2821.188,114.183,149.77,2821.344,113.0,115.0,149.0,151.0,2819.0,2825.0,16.0,7.0,6.0,0.606652,0.001778587,0.03705992,0.03147938,0.0,4.836798,0.09985773,0.03706847,3.0,-0.4395476,4.009094,2.637796,1409.019,2818.44,0.0,1.820027,0.0,-15.9454,1.411016,1.127832,19.90445,0.1064738,0.01271089,0.01936158,0.0,0.0,0.004918,5.590007,3.195064,1.560892,3.273888,303.70935,26.496168,1.42126029E9,SoFiA J201450.24+262946.2
143.0,512.0,116.504,108.554,2925.38,116.825,108.438,2925.898,115.0,118.0,107.0,110.0,2916.0,2938.0,121.0,23.0,15.0,0.516401,0.08549619,0.01724762,0.009649712,0.0,195.8593,0.6436495,0.04112153,4.0,-0.098218,26.0,25.21661,1456.009,2912.098,0.0,2.263518,1.658722,24.78882,2.364481,1.763326,38.12222,0.8676572,0.01757729,0.03419543,0.0,205.4336,0.0042461,18.57672,18.77387,14.76758,21.02366,303.66068,25.807268,1.42335565E9,SoFiA J201438.56+254826.2
144.0,514.0,113.563,149.789,2965.318,113.619,150.077,2965.239,111.0,116.0,147.0,152.0,2952.0,2986.0,437.0,35.0,31.0,0.51038,8.558254E-6,0.01818827,0.002136962,0.0,146.0122,3.495451,0.1889169,4.0,-0.06193889,26.67225,17.72333,1472.509,2945.062,0.0,2.979947,2.315968,-14.19906,2.658089,2.305395,-11.05296,3.633134,0.02716063,0.0,0.0,111.5509,0.005169,33.66144,31.47693,14.37906,0.0,303.71985,26.501274,1.42414426E9,SoFiA J201452.76+263004.6
145.0,515.0,188.75,67.386,3092.932,188.529,67.493,3092.332,188.0,190.0,66.0,69.0,3087.0,3097.0,44.0,11.0,10.0,0.455559,0.03930915,0.01693663,0.01505894,0.0,12.35361,0.2659703,0.0405946,3.0,-0.205952,10.94352,5.802683,1543.008,3086.206,0.0,2.127925,1.108211,19.15249,2.045248,1.224894,9.740907,0.2591578,0.01491789,0.027532,0.0,0.0,0.0053729,7.271589,8.075707,4.787998,7.895573,302.34116,25.117798,1.42669133E9,SoFiA J200921.88+250704.1
146.0,517.0,187.958,66.375,3009.417,187.997,66.335,3009.361,187.0,189.0,65.0,68.0,3005.0,3014.0,48.0,10.0,8.0,0.491096,0.1229833,0.02377952,0.01486518,0.0,15.80551,0.3483655,0.04435917,3.0,-0.2062283,10.0,9.098103,1502.012,3004.206,0.0,1.416795,0.9011863,89.00106,1.328764,1.240907,-88.90967,0.3226224,0.01892567,0.03070924,0.0,0.0,0.0050623,9.198685,9.581839,5.176591,9.481366,302.35117,25.098589,1.42502848E9,SoFiA J200924.28+250554.9
